tree
version=v4
num_class=1
num_tree_per_iteration=1
label_index=0
max_feature_idx=11
objective=lambdarank
feature_names=Column_0 Column_1 Column_2 Column_3 Column_4 Column_5 Column_6 Column_7 Column_8 Column_9 Column_10 Column_11
monotone_constraints=1 1 1 1 1 1 1 0 1 0 1 1
feature_infos=[5.0552210807800293:98.848411560058594] [5.3688693046569824:92.929649353027344] [50:95] [10.18110179901123:91.844024658203125] [5.0829391479492188:93.950271606445312] [0.050772830843925476:0.99846512079238892] [0.20000000298023224:5.8747601509094238] none [0.066666670143604279:1.9582533836364746] [1:4] [1:3] none
tree_sizes=1397 2667 2665 2785 2769 2791 2572 2685 2796 2580 2800 2701 2600 2605 2610 2612 2614 2614 2616 2616 2615 2619 2605 2619 2729 2733 2726 2744 2956 2736 2955 2959 2742 2978 2976 2858 2858 2858 2646 2756 2970 2750 2636 2749 2530 2646 2543 2652 2426 2868 2755 2764 2543 2758 2757 2654 2326 2650 2434 2547 2992 2662 2651 2766 2554 2877 2662 2660 2779 2896 2785 2671 2892 2785 2780 2568 2796 2573 2681 2676 2576 2571 2568 2798 2682 2574 2572 2351 2569 2468 2683 2580 2690 2349 2348 2356 2356 2352 2573 2131

Tree=0
num_leaves=12
num_cat=0
split_feature=2 0 2 3 1 4 1 5 6 5 0
split_gain=38.7502 1.08226 0.893458 0.0498454 0.0232632 0.00555621 0.00453565 0.00370036 0.00230192 0.00156016 0.00639949
threshold=72.500000000000014 79.872879028320327 57.500000000000007 63.474946975708015 62.733404159545906 37.29768371582032 62.733404159545906 0.35441604256629949 3.9777848720550542 0.38265287876129156 36.239274978637702
decision_type=2 2 2 2 2 2 2 2 2 2 2
left_child=2 3 -1 4 8 7 -5 -4 -2 10 -9
right_child=1 -3 5 6 -6 -7 -8 9 -10 -11 -12
leaf_value=-0.099999999999999978 0.040344385496395428 0.099999999999999978 -0.064892444562116874 0.060980451878254342 0.056590610165302813 -0.053024498558983918 0.068123954508525722 -0.061889415775273959 0.046413705900268852 -0.056586336359950765 -0.058269982618356767
leaf_weight=4.4587896391749382 0.40828651189804055 4.4510762393474579 0.32465726882219303 0.446551814675331 0.44868023321032524 0.33264199271798123 0.44229497760534286 0.29918611422181107 0.25305065140128136 0.30717083811759949 0.61434167623519897
leaf_count=40 8 40 6 9 9 8 9 5 5 7 14
internal_value=5.09846e-10 0.0862748 -0.0878154 0.0557116 0.0486461 -0.0588864 0.0645351 -0.0601482 0.0426667 -0.0588864 -0.0599536
internal_weight=12.7867 6.44994 6.33679 1.99886 1.11002 1.878 0.888847 1.54536 0.661337 1.2207 0.913528
internal_count=160 80 80 40 22 40 18 32 13 26 19
is_linear=0
shrinkage=0.05


Tree=1
num_leaves=24
num_cat=0
split_feature=0 3 2 4 3 6 1 5 4 4 1 0 4 3 5 4 4 6 6 3 0 4 3
split_gain=132.134 0.518039 0.091287 0.0126814 0.00654672 0.00318309 0.00380124 0.00300235 0.00121968 0.00104633 0.000683142 0.00101099 0.000197986 0.000109907 4.73392e-05 4.60705e-05 2.98198e-05 5.40189e-06 2.57736e-06 2.05726e-06 8.56668e-07 4.24695e-07 2.8907e-10
threshold=79.872879028320327 58.196252822875984 57.500000000000007 64.769802093505874 65.775196075439467 3.776604533195496 62.733404159545906 0.38265287876129156 63.036897659301765 37.29768371582032 38.875715255737312 40.014465332031257 92.672641754150405 86.431137084960952 0.98412311077117931 34.904014587402351 89.989799499511733 5.6442871093750009 0.40717370808124548 84.591014862060561 7.5852658748626718 8.5787281990051287 14.683542728424074
decision_type=2 2 2 2 2 2 2 2 2 2 2 2 2 2 2 2 2 2 2 2 2 2 2
left_child=1 2 18 4 5 8 -7 9 -3 10 15 -12 13 14 -2 -4 -15 -18 20 -14 21 -1 -22
right_child=12 3 7 -5 -6 6 -8 -9 -10 -11 11 -13 19 16 -16 -17 17 -19 -20 -21 22 -23 -24
leaf_value=-0.091557492343698199 0.094041769151603158 -0.076406801990473255 -0.085038836470144721 -0.068944460669113763 -0.071113125547848099 -0.074165019935339124 -0.072546813798563412 -0.081198177023865239 -0.074289098371259035 -0.082479101249537862 -0.084167241585575897 -0.083311471717088248 0.094730875163552872 0.094396473413943027 0.094356370515643231 -0.084536215098278245 0.094525550068359623 0.094597916779523075 -0.091433903414664036 0.094789138614647717 -0.091494097793663201 -0.091514796187389003 -0.091493127671848209
leaf_weight=1.0404273420572296 2.1500447094440491 1.2819108814001068 1.0975948274135592 2.1386063992977142 1.4115478992462156 1.9326937794685366 1.8755458444356916 1.4845870584249494 1.4478318840265272 1.0877625495195387 1.2569416612386706 0.75789573788642872 2.4634545445442191 3.3931209743022901 1.536891847848892 0.77983450889587391 2.9896425902843475 3.4493852853775024 1.4671158492565153 3.9355428218841553 2.1894360035657887 0.84587514400482167 1.18265163898468
leaf_count=6 8 5 7 8 5 8 7 9 6 7 8 5 4 6 4 5 6 6 9 6 13 5 7
internal_value=-1.55234e-09 -0.0808912 -0.0874144 -0.0723623 -0.0732818 -0.0739805 -0.0730464 -0.0831717 -0.0752836 -0.08376 -0.0841438 -0.0835044 0.0945376 0.0944291 0.0941963 -0.0848301 0.0945164 0.0945796 -0.0914925 0.0947667 -0.0915089 -0.0915358 -0.0914938
internal_weight=43.1963 23.2783 13.1901 10.0881 7.94953 6.53798 3.80824 6.46462 2.72974 4.98003 3.89227 2.01484 19.9181 13.5191 3.68694 1.87743 9.83215 6.43903 6.72551 6.399 5.25839 1.8863 3.37209
internal_count=160 120 81 39 31 26 15 41 11 32 25 13 40 30 12 12 18 12 40 10 31 11 20
is_linear=0
shrinkage=0.05


Tree=2
num_leaves=24
num_cat=0
split_feature=0 2 2 3 1 6 1 4 0 5 6 6 0 4 0 3 6 4 4 1 3 6 3
split_gain=69.4392 5.2953 0.268905 0.127361 0.0258635 0.0111374 0.014885 0.00609719 0.00154661 0.00131242 0.00160239 0.000880435 0.000107315 6.66592e-05 3.52397e-05 3.36887e-05 1.21315e-05 7.02126e-06 5.33718e-06 2.15209e-06 1.41259e-06 7.29537e-07 3.51313e-07
threshold=79.872879028320327 72.500000000000014 57.500000000000007 63.474946975708015 62.733404159545906 3.8469237089157109 63.544439315795906 35.442211151123054 39.482965469360359 0.35814735293388372 2.1755837202072148 2.0680736303329472 65.246723175048842 92.672641754150405 7.5852658748626718 86.431137084960952 0.40717370808124548 91.485958099365249 89.989799499511733 91.306938171386733 85.354820251464858 0.23356263339519504 14.683542728424074
decision_type=2 2 2 2 2 2 2 2 2 2 2 2 2 2 2 2 2 2 2 2 2 2 2
left_child=1 2 14 4 12 6 -5 9 11 -4 -11 -9 -3 15 21 17 22 -2 -17 -20 -15 -1 -16
right_child=13 3 7 5 -6 -7 -8 8 -10 10 -12 -13 -14 20 16 18 -18 -19 19 -21 -22 -23 -24
leaf_value=-0.086683849114417053 0.086075735522334884 -0.034317832786805592 -0.074888386620519748 -0.022277214356630919 -0.024757017268906927 -0.01105692049838551 -0.014372890915185611 -0.07200056129825208 -0.068979936063193845 -0.073816646040167563 -0.07200056129825208 -0.070152586237076361 -0.033536047943131662 0.086524241114953937 -0.086477953426890214 0.086314176055114822 -0.086289543135561197 0.086241107814757356 0.086382547998044901 0.086436672826992397 0.086579903171080358 -0.086625026493200488 -0.086444649995921469
leaf_weight=1.2754606008529683 1.153107196092604 0.71352447569370214 1.1943831592798235 0.9270589351654055 1.3591150641441343 0.95358841121196736 0.95627762377262115 0.89064875245094322 1.165821239352226 1.0428209155797956 0.73318707942962635 0.88150466978549957 1.1407663375139234 2.1404425948858252 2.269996970891953 2.0230611711740494 1.3446185886859892 1.447619244456291 2.7093579918146133 1.6479932516813276 2.4382098913192749 0.8983769118785857 1.2161038666963575
leaf_count=7 6 5 8 6 9 6 6 6 8 7 5 6 8 5 13 6 8 6 8 4 5 5 7
internal_value=-2.74903e-10 -0.0617799 -0.0798656 -0.0231804 -0.0299965 -0.0154596 -0.0176889 -0.0720094 -0.0703943 -0.0736068 -0.0727449 -0.0713248 -0.0338369 0.0863986 -0.0864924 0.0863195 -0.0864171 0.0861678 0.0863813 0.0864124 0.0865539 -0.0866595 -0.0864663
internal_weight=32.523 18.9633 12.9129 6.05033 3.21341 2.83692 1.88334 5.90837 2.93797 2.97039 1.77601 1.77215 1.85429 13.5598 7.00456 8.98114 4.83072 2.60073 6.38041 4.35735 4.57865 2.17384 3.4861
internal_count=160 120 80 40 22 18 12 40 20 20 12 12 13 40 40 30 28 12 18 12 10 12 20
is_linear=0
shrinkage=0.05


Tree=3
num_leaves=25
num_cat=0
split_feature=0 2 2 3 1 5 0 4 4 0 5 4 5 4 4 4 0 3 6 4 4 1 3 1
split_gain=50.9876 4.79108 0.322546 0.0743595 0.0309637 0.00547383 0.0054444 0.00411366 0.00353875 0.00157659 0.00133811 0.000306022 0.000166319 0.000105493 9.83892e-05 9.4925e-05 6.76573e-05 4.01866e-05 1.7164e-05 8.23013e-06 5.22393e-06 5.7624e-06 1.13677e-06 7.52816e-07
threshold=79.872879028320327 72.500000000000014 57.500000000000007 64.031455993652358 62.733404159545906 0.38265287876129156 64.458267211914077 35.442211151123054 64.018398284912124 40.505910873413093 0.35441604256629949 37.29768371582032 0.35814735293388372 64.769802093505874 63.036897659301765 92.672641754150405 7.5852658748626718 86.431137084960952 0.40717370808124548 91.485958099365249 89.989799499511733 91.306938171386733 14.683542728424074 88.568027496337905
decision_type=2 2 2 2 2 2 2 2 2 2 2 2 2 2 2 2 2 2 2 2 2 2 2 2
left_child=1 2 16 4 14 7 -5 9 -6 12 -9 -12 -4 -8 -3 17 22 19 -18 -2 -19 -22 -1 -17
right_child=15 3 5 6 8 -7 13 10 -10 -11 11 -13 -14 -15 -16 23 18 20 -20 -21 21 -23 -24 -25
leaf_value=-0.082608928516784086 0.080978801467691097 -0.0265137484578578 -0.069246696118733977 -0.01304170866155788 -0.019300473926616296 -0.062019894177189838 -0.0080195404866072253 -0.066122836959459891 -0.015466036494692968 -0.066122836959459891 -0.065098596888168742 -0.064074356816877592 -0.068160123689422536 -0.0071478889088630723 -0.025751685021436283 0.081547728945744413 -0.082274293977797008 0.081269569762885158 -0.082049381958883366 0.081174194506512379 0.081322742759961486 0.081420893121605886 -0.082531699405511472 0.081592457723674003
leaf_weight=0.95930352807045494 0.96846258640289162 0.74251331388950281 0.64628216624259971 0.68104225397110019 0.65313723683357217 1.0099105760455129 0.69442543387413003 0.64719875156879458 0.80506529659032822 0.64048315584659565 0.76694851368665673 0.63100297749042511 0.77390503883361816 0.69404791295528412 0.98598336428403854 1.6349975764751437 3.0474274903535843 1.6985207200050352 1.175465479493141 1.2150949984788892 2.2714049667119984 1.385873347520828 0.94672213494777679 2.2152943462133408
leaf_count=6 6 6 5 5 5 8 5 5 6 5 6 5 6 5 8 4 20 6 8 6 8 4 6 6
internal_value=-1.00176e-11 -0.0561663 -0.0745866 -0.0167596 -0.0215521 -0.0653177 -0.00937993 -0.0661288 -0.0161861 -0.0677055 -0.0645402 -0.0640744 -0.0686546 -0.00758383 -0.026079 0.0813715 -0.0823233 0.0812683 -0.0822117 0.0810875 0.081342 0.0813757 -0.0825706 0.0815735
internal_weight=27.8905 16.5009 11.2446 5.25621 3.1867 5.11573 2.06952 4.10582 1.4582 2.06067 2.04515 1.39795 1.42019 1.38847 1.7285 11.3896 6.12892 7.53936 4.22289 2.18356 5.3558 3.65728 1.90603 3.85029
internal_count=160 120 80 40 25 40 15 32 11 16 16 11 11 10 14 40 40 30 28 12 18 12 12 10
is_linear=0
shrinkage=0.05


Tree=4
num_leaves=25
num_cat=0
split_feature=0 2 2 3 1 3 6 1 4 5 0 6 4 4 0 3 6 4 4 4 1 3 0 3
split_gain=39.8694 4.08796 0.324259 0.0494238 0.0114975 0.0141651 0.0070459 0.0102986 0.00373964 0.00182192 0.00134635 0.00138385 0.000944542 0.000114791 9.27073e-05 3.96167e-05 2.28555e-05 9.31106e-06 8.70029e-06 5.46424e-06 5.57059e-06 2.10072e-06 5.80961e-07 1.3753e-07
threshold=79.872879028320327 72.500000000000014 57.500000000000007 62.27971267700196 62.733404159545906 65.775196075439467 3.776604533195496 62.733404159545906 35.442211151123054 0.35441604256629949 40.505910873413093 1.9945488572120669 37.29768371582032 92.672641754150405 7.5852658748626718 86.431137084960952 0.40717370808124548 91.485958099365249 64.19608306884767 89.989799499511733 89.817340850830092 14.683542728424074 94.018100738525405 14.683542728424074
decision_type=2 2 2 2 2 2 2 2 2 2 2 2 2 2 2 2 2 2 2 2 2 2 2 2
left_child=1 2 14 6 5 -5 -3 -8 10 -10 11 -4 -11 15 21 17 23 -2 -6 -17 -21 -1 -15 -16
right_child=13 3 8 4 18 -7 7 -9 9 12 -12 -13 -14 22 16 19 -18 -19 -20 20 -22 -23 -24 -25
leaf_value=-0.07928135836405481 0.07695846142133228 -0.02352012295283832 -0.064991035997294874 -0.014565831153931862 -0.0061241962441567722 -0.009339145642362285 -0.020538203539450059 -0.014565831153931862 -0.060768043848987 -0.059392695807579415 -0.060768043848987 -0.061915351722310288 -0.056974057893004929 0.077610089118176143 -0.07886372563510427 0.077273848159676833 -0.07857882848279707 0.077181222464659874 -0.0058603768949584438 0.077332012244923587 0.077452475265530465 -0.079169580839892797 0.077652172879585535 -0.078839986822081515
leaf_weight=0.84688225388527072 0.8427816927432995 0.77402079850435201 0.57032581418752704 0.69510554522275947 0.62489175796508767 0.622670978307724 0.66279588639736153 0.71229015290737152 0.5722284018993381 1.0125190615653989 0.67864771932363499 1.0194076821207998 0.67128730565309513 1.4248657524585726 1.7472313195467002 1.4782413095235822 1.0345787256956098 1.057957202196121 0.6251385509967804 1.4815870821475985 1.7018608599901197 0.83456115424633026 1.9321111887693403 0.93749667704105366
leaf_count=6 6 7 5 6 5 5 6 6 5 9 6 9 6 4 13 6 8 6 5 6 6 6 6 7
internal_value=-8.18792e-11 -0.0524329 -0.070646 -0.0141097 -0.00942745 -0.012686 -0.0197042 -0.0175563 -0.060772 -0.0593306 -0.0622055 -0.0630188 -0.0584285 0.0773965 -0.0789178 0.0772748 -0.0787785 0.0770825 -0.00599226 0.0773533 0.0773902 -0.0792259 0.0776343 -0.0788554
internal_weight=24.5615 14.6421 9.92517 4.71691 2.56781 1.31778 2.14911 1.37509 4.52442 2.25603 2.26838 1.58973 1.68381 9.91941 5.40075 6.56243 3.71931 1.90074 1.25003 4.66169 3.18345 1.68144 3.35698 2.68473
internal_count=160 120 80 40 21 11 19 12 40 20 20 14 15 40 40 30 28 12 10 18 12 12 10 20
is_linear=0
shrinkage=0.05


Tree=5
num_leaves=25
num_cat=0
split_feature=0 2 2 3 1 4 5 5 6 0 0 6 5 4 0 4 3 6 4 4 1 6 0 3
split_gain=32.2024 3.50075 0.306972 0.0367014 0.018168 0.00633046 0.00345594 0.00329518 0.00221939 0.00341145 0.00158039 0.000985296 0.000557129 0.000114176 0.000109178 7.4104e-05 4.39228e-05 2.69294e-05 9.58429e-06 7.77092e-06 6.13586e-06 1.34394e-06 6.52275e-07 2.76555e-07
threshold=79.872879028320327 72.500000000000014 57.500000000000007 64.031455993652358 62.733404159545906 35.442211151123054 0.36961632966995245 0.35814735293388372 3.8469237089157109 67.13251113891603 67.686664581298842 2.1755837202072148 0.35441604256629949 92.672641754150405 7.5852658748626718 63.036897659301765 86.431137084960952 0.40717370808124548 91.485958099365249 89.989799499511733 89.817340850830092 0.23356263339519504 94.018100738525405 14.683542728424074
decision_type=2 2 2 2 2 2 2 2 2 2 2 2 2 2 2 2 2 2 2 2 2 2 2 2
left_child=1 2 14 4 15 7 12 -4 9 -5 -6 -9 -7 16 21 -3 18 23 -2 -18 -21 -1 -15 -16
right_child=13 3 5 8 10 6 -8 11 -10 -11 -12 -13 -14 22 17 -17 19 -19 -20 20 -22 -23 -24 -25
leaf_value=-0.076506825609732904 0.073686670338767676 -0.02053705452719852 -0.061831837641512705 -0.010956110799104088 -0.014285518793467792 -0.057401909971044662 -0.052872671563473056 -0.059311292410969663 -0.0042823565283138234 -0.0061957664831736523 -0.011548304836320125 -0.057401909971044662 -0.055942560655318156 0.074389981186661971 -0.076052662883924205 -0.019804354978669936 0.074023118189886189 -0.075721190286948487 0.07392713083230372 0.074096877062855712 0.074226704445981964 -0.076410448236442732 0.074437382427986629 -0.076016908915443201
leaf_weight=0.87560461461544192 0.74415836483239928 0.60479892045259409 0.81787468492984805 0.55863506346940972 0.53288175165653207 0.5121019780635836 0.80033688247203816 0.71043992042541482 0.57044320553541172 0.56957922875881195 0.66098491847515106 0.50255569070577621 0.70517800003290176 1.2608375251293185 1.549066029489041 0.80362030863761902 1.3066640868782995 0.91637099534273136 0.93513185530900955 1.311122424900532 1.5070326700806616 0.61632534861564636 1.7101362496614454 0.83097588270902623
leaf_count=7 6 6 8 5 5 5 8 7 5 5 6 5 7 4 13 8 6 8 6 6 6 5 6 7
internal_value=1.54332e-10 -0.049537 -0.0675432 -0.0125409 -0.0162726 -0.0574084 -0.0554247 -0.0593791 -0.00682405 -0.00810918 -0.0117349 -0.0577253 -0.0571027 0.0741652 -0.0761121 -0.020119 0.0740361 -0.0759515 0.0738206 0.0741239 0.0741706 -0.076467 0.0744173 -0.0760402
internal_weight=21.9129 13.1378 8.83683 4.30094 2.60229 4.04849 2.01762 2.03087 1.69866 1.12821 1.19387 1.213 1.21728 8.77508 4.78834 1.40842 5.80411 3.29641 1.67929 4.12482 2.81816 1.49193 2.97097 2.38004
internal_count=160 120 80 40 25 40 20 20 15 10 11 12 12 40 40 14 30 28 12 18 12 12 10 20
is_linear=0
shrinkage=0.05


Tree=6
num_leaves=23
num_cat=0
split_feature=0 2 2 3 1 5 1 4 5 4 6 0 0 4 3 6 4 4 1 3 0 3
split_gain=26.5007 3.05056 0.288146 0.0287291 0.00661861 0.00481874 0.00310541 0.00138287 0.001228 0.00119095 0.000449705 0.000127603 0.000121165 0.000113359 4.29717e-05 2.58456e-05 9.48321e-06 5.67075e-06 5.98665e-06 2.15577e-06 1.39077e-06 2.72136e-07
threshold=79.872879028320327 72.500000000000014 57.500000000000007 63.474946975708015 62.733404159545906 0.364504024386406 62.733404159545906 35.442211151123054 0.36961632966995245 35.442211151123054 2.1755837202072148 65.246723175048842 7.5852658748626718 92.672641754150405 86.431137084960952 0.40717370808124548 91.485958099365249 89.989799499511733 89.817340850830092 14.683542728424074 94.018100738525405 14.683542728424074
decision_type=2 2 2 2 2 2 2 2 2 2 2 2 2 2 2 2 2 2 2 2 2 2
left_child=1 2 12 4 11 9 -5 -7 -9 10 -4 -3 19 14 16 21 -2 -16 -19 -1 -15 -14
right_child=13 3 5 6 -6 7 -8 8 -10 -11 -12 -13 15 20 17 -17 -18 18 -20 -21 -22 -23
leaf_value=-0.074268825040082406 0.070974065190326771 -0.018331197680150298 -0.058761087790711458 -0.0087901101884647215 -0.011986800297748458 -0.054702396154601277 -0.0047132643590277528 -0.053385052719350456 -0.050685297381278721 -0.054938338338304554 -0.056638914617484631 -0.017271416551456517 -0.07373567918853409 0.07170142467565542 0.071342158843772069 -0.073391490422930056 0.071227642558223239 0.071408902323359766 0.07154253099201667 -0.074141541276349782 0.071774729168396764 -0.073698103263160494
leaf_weight=0.67015870660543597 0.66179567575454601 0.46141096204519338 0.55015425384044669 0.92163931578397729 0.88896330446004856 0.81971838325262103 0.94710750132799149 0.5457547530531881 0.7233739048242569 0.55194683372974385 0.45700321346521378 0.73884358257055283 1.3799890205264098 1.1233786940574648 1.1647756770253184 0.81652422994375218 0.83251228183507919 1.1676675379276278 1.3426547124981878 0.66054091602563858 1.5259824171662328 0.74034714698791493
leaf_count=6 6 5 6 9 9 9 9 6 8 6 5 8 13 4 6 8 6 6 6 6 6 7
internal_value=1.1853e-10 -0.0470686 -0.0649898 -0.011228 -0.0152569 -0.0546716 -0.00672391 -0.0531016 -0.0520677 -0.056775 -0.0577981 -0.0176788 -0.0738098 0.0714777 0.0713414 -0.0736305 0.0711153 0.0714333 0.0714756 -0.0742056 0.0717436 -0.0737226
internal_weight=19.6922 11.8735 7.91551 3.95796 2.08922 3.64795 1.86875 2.08885 1.26913 1.5591 1.00716 1.20025 4.26756 7.81877 5.16941 2.93686 1.49431 3.6751 2.51032 1.3307 2.64936 2.12034
internal_count=160 120 80 40 22 40 18 23 14 17 11 13 40 40 30 28 12 18 12 12 10 20
is_linear=0
shrinkage=0.05


Tree=7
num_leaves=24
num_cat=0
split_feature=0 2 2 3 4 4 1 6 1 5 6 4 0 0 4 3 6 4 4 1 3 0 3
split_gain=22.1301 2.67617 0.270032 0.0234338 0.00699948 0.00635563 0.00653911 0.00365178 0.00494157 0.00271793 0.00118897 0.000386274 0.000322185 0.000128975 0.000112094 4.13234e-05 2.41785e-05 9.00577e-06 6.18409e-06 6.03452e-06 2.22987e-06 9.77432e-07 2.40051e-07
threshold=79.872879028320327 72.500000000000014 57.500000000000007 62.27971267700196 35.442211151123054 64.19608306884767 63.16017150878907 3.776604533195496 62.733404159545906 0.35441604256629949 2.1983588933944707 34.139917373657234 40.014465332031257 7.5852658748626718 92.672641754150405 86.431137084960952 0.40717370808124548 91.485958099365249 89.989799499511733 89.817340850830092 14.683542728424074 94.018100738525405 14.683542728424074
decision_type=2 2 2 2 2 2 2 2 2 2 2 2 2 2 2 2 2 2 2 2 2 2 2
left_child=1 2 13 7 10 6 -5 -3 -9 -6 11 -4 -11 20 15 17 22 -2 -17 -20 -1 -16 -15
right_child=14 3 4 5 9 -7 -8 8 -10 12 -12 -13 -14 16 21 18 -18 -19 19 -21 -22 -23 -24
leaf_value=-0.07239488756480586 0.068704222010320878 -0.017754734742000861 -0.05667994693582501 -0.010608792427277374 -0.052358001597194614 -0.0034042085170434798 -0.0062433606583662512 -0.015312612376167621 -0.010608792427277374 -0.049558112223638859 -0.052358001597194614 -0.054809148831783151 -0.047935187003257197 -0.071806602745596054 0.069469741788362252 0.069079032036973007 -0.071454763552194142 0.068965634216670915 0.069152714208407615 0.069295812905853793 -0.072257998526010614 0.069534658276415348 -0.071769263939838776
leaf_weight=0.59937791526317796 0.59110453724861034 0.59712222218513522 0.41376252472400687 0.6362767890095713 0.41787324845790852 0.8774767369031905 0.48778119683265686 0.51203536987304665 0.55364438891410828 0.65830457210540749 0.41183497011661518 0.82821880280971527 0.57111112028360367 1.2326603531837466 1.0067242830991747 1.0419542342424395 0.7293889895081519 0.74433690309524536 1.0450897663831713 1.2025199085474012 0.59067258238792419 1.3675043806433675 0.66141890734434117
leaf_count=6 6 7 5 7 5 9 5 6 6 8 5 10 7 13 4 6 8 6 6 6 6 6 7
internal_value=-5.36298e-10 -0.0449526 -0.0628323 -0.0102376 -0.0523626 -0.00659313 -0.00908251 -0.0146245 -0.0128705 -0.0500556 -0.0546604 -0.0554324 -0.0488042 -0.0718952 0.0692279 0.0690845 -0.0716994 0.0688499 0.0691797 0.0692264 -0.0723269 0.0695071 -0.0717936
internal_weight=17.7782 10.779 7.11462 3.66434 3.30111 2.00153 1.12406 1.6628 1.06568 1.64729 1.65382 1.24198 1.22942 3.81352 6.99923 4.62501 2.62347 1.33544 3.28956 2.24761 1.19005 2.37423 1.89408
internal_count=160 120 80 40 40 21 12 19 12 20 20 15 15 40 40 30 28 12 18 12 12 10 20
is_linear=0
shrinkage=0.05


Tree=8
num_leaves=25
num_cat=0
split_feature=0 2 2 3 1 4 5 6 0 5 0 0 0 0 4 4 3 6 4 4 1 0 3 3
split_gain=18.6797 2.36648 0.253085 0.019345 0.00982083 0.00549411 0.00225408 0.00161231 0.00146728 0.00126625 0.000778201 0.000225715 0.00014707 0.000128663 0.000105545 5.61216e-05 3.91034e-05 2.43675e-05 7.94098e-06 6.03542e-06 5.02626e-06 2.0473e-06 1.31482e-06 1.21201e-07
threshold=79.872879028320327 72.500000000000014 57.500000000000007 64.031455993652358 62.733404159545906 35.442211151123054 0.35441604256629949 3.8469237089157109 67.13251113891603 0.35814735293388372 67.686664581298842 40.014465332031257 39.482965469360359 7.5852658748626718 92.672641754150405 63.036897659301765 86.431137084960952 0.40717370808124548 91.485958099365249 89.989799499511733 89.817340850830092 94.018100738525405 14.683542728424074 14.683542728424074
decision_type=2 2 2 2 2 2 2 2 2 2 2 2 2 2 2 2 2 2 2 2 2 2 2 2
left_child=1 2 13 4 15 9 -7 8 -5 -4 -6 -8 -11 22 16 -3 18 23 -2 -18 -21 -16 -1 -15
right_child=14 3 5 7 10 6 11 -9 -10 12 -12 -13 -14 17 21 -17 19 -19 -20 20 -22 -23 -24 -25
leaf_value=-0.070803749223856113 0.066788164115136994 -0.016068621359948861 -0.054298068468734355 -0.0080375877204435855 -0.010767311339218025 -0.050379789545419197 -0.047698026813276256 -0.0023345779579877716 -0.0041626272599248667 -0.051871398625255707 -0.0086131423574639602 -0.046273760082974486 -0.050572566367348061 -0.070195907574924957 0.06754948772901441 -0.015349830575248004 0.067166571044875875 -0.06982654347401758 0.067047498826043259 0.067243409732117718 0.067390257543286466 0.06764861845329459 -0.070692682197017728 -0.070167869234289804
leaf_weight=0.53652741760015688 0.52940604090690502 0.4761145859956748 0.60057882219553016 0.44394092261791207 0.42167392373085011 0.3793676197528838 0.59866338968276955 0.45423955470323563 0.45310382544994354 0.5247279480099678 0.52412772923707962 0.51962444186210632 0.37279229611158371 1.1034602001309397 0.90345333516597781 0.63207225501537323 0.93490231037139926 0.65246547013521183 0.66719747334718704 0.93824470043182406 1.0795979872345922 1.2298483848571775 0.52936945110559464 0.5923183113336562
leaf_count=6 6 6 8 5 5 5 8 5 5 7 6 7 5 13 4 8 6 8 6 6 6 6 6 7
internal_value=-3.52683e-10 -0.0430918 -0.0609864 -0.00940792 -0.0124646 -0.0503801 -0.0482385 -0.00476166 -0.00599068 -0.052521 -0.00872221 -0.0470362 -0.0513319 -0.070293 0.0673208 -0.0156586 0.0671739 -0.0700862 0.0669328 0.0672716 0.0673202 0.0676066 -0.0707486 -0.0701861
internal_weight=16.0978 9.81517 6.4099 3.40527 2.05399 2.99575 1.49766 1.35128 0.897045 1.4981 0.945802 1.11829 0.89752 3.41414 6.28265 1.10819 4.14935 2.34824 1.1966 2.95274 2.01784 2.1333 1.0659 1.69578
internal_count=160 120 80 40 25 40 20 15 10 20 11 15 12 40 40 14 30 28 12 18 12 10 12 20
is_linear=0
shrinkage=0.05


Tree=9
num_leaves=23
num_cat=0
split_feature=0 2 2 3 4 1 1 5 5 0 0 0 0 4 3 6 4 4 1 0 3 3
split_gain=15.8914 2.11365 0.23815 0.0154546 0.00449151 0.0035573 0.00203237 0.00193008 0.00105143 0.000175131 0.000127123 0.00012032 0.000101008 9.97601e-05 3.53514e-05 2.19221e-05 7.25301e-06 4.62199e-06 4.58681e-06 2.22467e-06 1.6277e-06 4.97637e-08
threshold=79.872879028320327 72.500000000000014 57.500000000000007 63.474946975708015 35.442211151123054 62.733404159545906 62.733404159545906 0.35441604256629949 0.35814735293388372 40.014465332031257 7.5852658748626718 65.246723175048842 39.482965469360359 92.672641754150405 86.431137084960952 0.40717370808124548 91.485958099365249 89.989799499511733 89.817340850830092 94.018100738525405 14.683542728424074 14.683542728424074
decision_type=2 2 2 2 2 2 2 2 2 2 2 2 2 2 2 2 2 2 2 2 2 2
left_child=1 2 10 5 8 11 -5 -6 -4 -9 20 -3 -10 14 16 21 -2 -16 -19 -15 -1 -12
right_child=13 3 4 6 7 -7 -8 9 12 -11 15 -13 -14 19 17 -17 -18 18 -20 -21 -22 -23
leaf_value=-0.069497861892723709 0.06514721988910277 -0.014624741546705445 -0.052369314286608626 -0.0067983393368628575 -0.04863796686446218 -0.0092473339820317094 -0.0031228381880931281 -0.046047262183628257 -0.050001558526061307 -0.04473338733822857 -0.068844656045869895 -0.013471664201085263 -0.048872741532347448 0.065916057495775962 0.065536287851767266 -0.068477825538062947 0.065408887482426376 0.065607212794855707 0.065752871127539081 0.066024980844296463 -0.069367406533669296 -0.068825683299835475
leaf_weight=0.48166388273238991 0.47471651434898487 0.36754792183637641 0.54452651739120506 0.74137990176677682 0.3452288657426833 0.7123570591211319 0.76336215436458588 0.54579476267099358 0.47661884129047394 0.4737955778837204 0.98929460346698783 0.58843189477920532 0.33922276645898819 0.81280480325222004 0.84039486199617419 0.58489585667848576 0.59895828366279602 0.84297865629196145 0.97043783217668533 1.1075209006667135 0.47480981796979904 0.53118819743394852
leaf_count=6 6 5 8 9 5 9 9 8 7 7 13 8 5 4 6 8 6 6 6 6 6 7
internal_value=1.59386e-12 -0.0414038 -0.059386 -0.008608 -0.0486347 -0.011922 -0.00493374 -0.0466081 -0.0506678 -0.0454367 -0.0689551 -0.013915 -0.0495322 0.0656861 0.0655353 -0.068738 0.0652932 0.0656332 0.0656781 0.0659789 -0.0694331 -0.068838
internal_weight=14.6079 8.96012 5.78704 3.17308 2.72519 1.66834 1.50474 1.36482 1.36037 1.01959 3.06185 0.95598 0.815842 5.64781 3.72749 2.10538 1.07367 2.65381 1.81342 1.92033 0.956474 1.52048
internal_count=160 120 80 40 40 22 18 20 20 15 40 13 12 40 30 28 12 18 12 10 12 20
is_linear=0
shrinkage=0.05


Tree=10
num_leaves=25
num_cat=0
split_feature=0 2 2 3 1 3 4 6 1 5 5 0 0 6 4 3 6 4 4 1 4 0 3 3
split_gain=13.6168 1.89452 0.224813 0.0131075 0.00419497 0.00441821 0.00378645 0.00229656 0.0028026 0.00170083 0.000910162 0.000137073 0.000124499 9.62639e-05 9.42726e-05 3.18286e-05 1.96287e-05 6.59619e-06 4.64307e-06 4.26809e-06 1.97634e-06 1.55523e-06 1.32199e-06 1.39297e-09
threshold=79.872879028320327 72.500000000000014 57.500000000000007 62.27971267700196 62.733404159545906 65.775196075439467 35.442211151123054 3.776604533195496 62.733404159545906 0.35441604256629949 0.35814735293388372 40.014465332031257 7.5852658748626718 2.1755837202072148 92.672641754150405 86.431137084960952 0.40717370808124548 91.485958099365249 89.989799499511733 89.817340850830092 64.19608306884767 94.018100738525405 14.683542728424074 14.683542728424074
decision_type=2 2 2 2 2 2 2 2 2 2 2 2 2 2 2 2 2 2 2 2 2 2 2 2
left_child=1 2 12 7 5 -5 10 -3 -9 -8 -4 -11 22 -12 15 17 23 -2 -17 -20 -6 -16 -1 -14
right_child=14 3 6 4 20 -7 9 8 -10 11 13 -13 16 -15 21 18 -18 -19 19 -21 -22 -23 -24 -25
leaf_value=-0.068385579855790288 0.063736555622777274 -0.014369952823217175 -0.050689579677097696 -0.0082558997148555 -0.0023934572431802289 -0.0048563918792787486 -0.047075521564463721 -0.012210142882467773 -0.0082558997148555 -0.044531570319611857 -0.04840215271314529 -0.043315163319276241 -0.067699186807099562 -0.047247389659308303 0.064524967515405526 0.06412139486695885 -0.067338201486938518 0.063999859224172007 0.064196339447577896 0.064347018975183121 -0.0022356291030737048 0.064620880977381362 -0.068261539633838159 -0.067695836534824069
leaf_weight=0.43265822529792641 0.42613739520311478 0.47936337441206001 0.49468867108225845 0.43573980778455712 0.3964470699429512 0.39483244717121124 0.31473416835069634 0.41135798394680023 0.44787398725748062 0.4982147142291069 0.43337077274918556 0.43277643248438835 0.88777209818363167 0.30926898494362831 0.73285408318042733 0.75589679926633868 0.52478103339672078 0.5383545383810997 0.75863950699567773 0.87380586564540863 0.39695578068494797 0.99847971647977829 0.42660237103700638 0.47693509608507156
leaf_count=6 6 7 8 6 5 5 5 6 6 8 7 7 13 5 4 6 8 6 6 6 5 6 6 7
internal_value=-2.89207e-10 -0.0398827 -0.057974 -0.00793403 -0.00491457 -0.00739829 -0.0470689 -0.0115972 -0.0100503 -0.045123 -0.049028 -0.0439661 -0.067825 -0.0479213 0.0642807 0.0641259 -0.0675981 0.0638835 0.0642238 0.0642713 -0.00231449 0.0645803 -0.068324 -0.067698
internal_weight=13.2785 8.19437 5.2318 2.96257 1.62398 0.830572 2.48305 1.3386 0.859232 1.24573 1.23733 0.930991 2.74875 0.74264 5.08417 3.35283 1.88949 0.964492 2.38834 1.63245 0.793403 1.73133 0.859261 1.36471
internal_count=160 120 80 40 21 11 40 19 12 20 20 15 40 12 40 30 28 12 18 12 10 10 12 20
is_linear=0
shrinkage=0.05


Tree=11
num_leaves=24
num_cat=0
split_feature=0 2 2 3 1 4 5 6 1 5 0 0 0 0 4 6 3 6 4 4 1 0 3
split_gain=11.7373 1.7036 0.212745 0.0112291 0.00574942 0.0032739 0.00152446 0.00130061 0.00107232 0.00080357 0.000417464 0.000120856 0.000110049 8.64951e-05 8.4786e-05 5.31185e-05 2.92311e-05 1.80015e-05 5.70708e-06 4.88502e-06 4.02233e-06 1.45342e-06 1.1161e-06
threshold=79.872879028320327 72.500000000000014 57.500000000000007 64.031455993652358 62.733404159545906 35.442211151123054 0.35441604256629949 3.8469237089157109 63.544439315795906 0.35814735293388372 67.686664581298842 7.5852658748626718 40.014465332031257 39.482965469360359 92.672641754150405 3.7336913347244267 86.431137084960952 0.40717370808124548 91.485958099365249 89.989799499511733 89.817340850830092 94.018100738525405 14.683542728424074
decision_type=2 2 2 2 2 2 2 2 2 2 2 2 2 2 2 2 2 2 2 2 2 2 2
left_child=1 2 11 4 15 9 -7 8 -5 -4 -6 22 -8 -11 16 -3 18 -13 -2 -18 -21 -16 -1
right_child=14 3 5 7 10 6 12 -9 -10 13 -12 17 -14 -15 21 -17 19 -19 -20 20 -22 -23 -24
leaf_value=-0.06744346483932194 0.062518977193666475 -0.013181064622171963 -0.049197550315735111 -0.0066012128729782812 -0.0084389011144143759 -0.045659471946759379 -0.043138318746015911 -0.0010286749582362354 -0.0028444411718001033 -0.046948373793372286 -0.0066896647302397416 -0.06673038705033274 -0.04199845444270911 -0.04580162845934431 0.063305748030627912 -0.01237755551012695 0.062896301176973243 -0.066366760156619964 0.062777284137602585 0.062977298828128511 0.063135188312355608 0.063403366949731491 -0.067323277917449201
leaf_weight=0.38905764371156726 0.38290968537330661 0.32019298523664497 0.45009922608733199 0.36117093265056588 0.34278646111488342 0.28729890286922433 0.45534109324216843 0.37152766436338425 0.37177480757236481 0.39549160376191139 0.4269372969865799 1.2261073365807531 0.39581339061260223 0.28146145865321159 0.66094671189784981 0.57515236735343933 0.68061359226703677 0.47114645317196835 0.48428857326507568 0.68363450467586495 0.78792933374643326 0.9011942595243454 0.38363951072096825
leaf_count=6 6 5 8 5 5 5 8 5 5 7 6 20 7 5 4 9 6 8 6 6 6 6 6
internal_value=2.81731e-10 -0.0384976 -0.0567156 -0.00734772 -0.00994071 -0.0456499 -0.0437587 -0.00343862 -0.00466021 -0.0475602 -0.00677192 -0.0668654 -0.0426082 -0.0464716 0.063063 -0.0126649 0.0629083 -0.0666294 0.0626632 0.0630071 0.0630583 0.0633621 -0.0673838
internal_weight=12.0865 7.505 4.73546 2.76954 1.66507 2.26551 1.13845 1.10447 0.732946 1.12705 0.769724 2.46995 0.851154 0.676953 4.58152 0.895345 3.01938 1.69725 0.867198 2.15218 1.47156 1.56214 0.772697
internal_count=160 120 80 40 25 40 20 15 10 20 11 40 15 12 40 14 30 28 12 18 12 10 12
is_linear=0
shrinkage=0.05


Tree=12
num_leaves=23
num_cat=0
split_feature=0 2 2 3 1 4 5 6 0 6 0 4 0 4 6 3 6 4 4 1 3 0
split_gain=10.163 1.54207 0.201561 0.00907587 0.00477443 0.00287474 0.00140303 0.000866286 0.000903126 0.00075736 0.000341957 0.000243465 0.000116078 7.93724e-05 3.45525e-05 2.53269e-05 1.50433e-05 5.12684e-06 3.99985e-06 3.81042e-06 1.28082e-06 1.23798e-06
threshold=79.872879028320327 72.500000000000014 57.500000000000007 64.031455993652358 62.733404159545906 35.442211151123054 0.36679254472255712 3.8469237089157109 67.13251113891603 2.1983588933944707 67.686664581298842 34.139917373657234 7.5852658748626718 92.672641754150405 3.7336913347244267 86.431137084960952 0.40717370808124548 91.485958099365249 89.989799499511733 89.817340850830092 14.683542728424074 94.018100738525405
decision_type=2 2 2 2 2 2 2 2 2 2 2 2 2 2 2 2 2 2 2 2 2 2
left_child=1 2 12 4 14 9 -7 8 -5 11 -6 -4 20 15 -3 17 -14 -2 -17 -20 -1 -15
right_child=13 3 5 7 10 6 -8 -9 -10 -11 -12 -13 16 21 -16 18 -18 -19 19 -21 -22 -23
leaf_value=-0.066654997758997608 0.06145440401966884 -0.012165605583991518 -0.048301773654346548 -0.0059951913653069344 -0.0077765219920360789 -0.044381021724575732 -0.040850868911690798 -0.0010911684305619496 -0.0026217900916753463 -0.044381021724575732 -0.0061431034348453277 -0.046415782708786456 -0.065905702415824316 0.062246674431542109 -0.011494889477415698 0.061830412518457778 -0.065555166174283142 0.06171253981134163 0.061907613955481812 0.062064249686485301 -0.066519309721967235 0.062341471680173788
leaf_weight=0.35046121105551753 0.34421105682849917 0.29887654259800933 0.25620877742767356 0.33982870355248429 0.32080571353435516 0.47023176401853539 0.57174398005008698 0.34826703369617462 0.34711785614490509 0.25675893202424049 0.39977418631315231 0.51524470001459122 1.1026450432837007 0.5968620032072065 0.53706158697605133 0.61341687291860569 0.42366771027445782 0.4359874427318573 0.61594560369849183 0.71049025282263756 0.34525295346975327 0.81420856341719627
leaf_count=6 6 5 5 5 5 9 11 5 5 5 6 10 20 4 9 6 8 6 6 6 6 6
internal_value=3.95799e-10 -0.037205 -0.055594 -0.00675066 -0.00916366 -0.0443686 -0.0425178 -0.00312255 -0.00415241 -0.0462443 -0.00618103 -0.0470421 -0.0660524 0.0619971 -0.0117347 0.0618392 -0.0658084 0.0615987 0.061936 0.0619848 -0.0665877 0.0623014
internal_weight=11.0151 6.88395 4.29222 2.59173 1.55652 2.07019 1.04198 1.03521 0.686947 1.02821 0.72058 0.771453 2.22203 4.13112 0.835938 2.72005 1.52631 0.780198 1.93985 1.32644 0.695714 1.41107
internal_count=160 120 80 40 25 40 20 15 10 20 11 15 40 40 14 30 28 12 18 12 12 10
is_linear=0
shrinkage=0.05


Tree=13
num_leaves=23
num_cat=0
split_feature=0 2 2 3 1 3 4 6 1 5 5 6 0 4 6 3 6 4 4 1 0 3
split_gain=8.83728 1.39922 0.191585 0.00774635 0.00317748 0.00258939 0.00257252 0.00141697 0.00165338 0.00127719 0.000761867 0.000108584 0.000108252 7.01262e-05 6.12127e-05 2.19538e-05 1.41349e-05 5.70131e-06 4.5796e-06 3.41587e-06 1.26944e-06 1.06863e-06
threshold=79.872879028320327 72.500000000000014 57.500000000000007 62.27971267700196 62.733404159545906 65.775196075439467 35.442211151123054 3.776604533195496 62.733404159545906 0.35441604256629949 0.35814735293388372 1.9945488572120669 7.5852658748626718 92.672641754150405 2.1755837202072148 86.431137084960952 0.40717370808124548 64.19608306884767 91.485958099365249 87.496990203857436 94.018100738525405 14.683542728424074
decision_type=2 2 2 2 2 2 2 2 2 2 2 2 2 2 2 2 2 2 2 2 2 2
left_child=1 2 12 7 5 -5 10 -3 -9 -8 -4 -11 21 15 -12 18 -14 -6 -2 -17 -15 -1
right_child=13 3 6 4 17 -7 9 8 -10 11 14 -13 16 20 -16 19 -18 -19 -20 -21 -22 -23
leaf_value=-0.065968517848023517 0.060525045422466339 -0.011744492395243743 -0.046779090311961889 -0.0064889296775325345 -0.0013066414710068749 -0.0035987049651790533 -0.04318779429612947 -0.0098650644431814774 -0.0064889296775325345 -0.040762423634083361 -0.044310757663724831 -0.039526712641525179 -0.065210238175074445 0.061303803391942947 -0.043254714314125739 0.060929618448645188 -0.064852052510226785 -0.0010112673780132814 0.060782173450218552 0.061069316649154826 0.061404810191419835 -0.065837957204193762
leaf_weight=0.31587071716785464 0.30965921655297357 0.38998059183359168 0.37454709410667442 0.35654400661587693 0.32646939158439636 0.32497475296258926 0.24039091542363167 0.33491802215576172 0.36719372496008873 0.38133887574076653 0.32923422381281853 0.33302914723753929 0.99304673075675942 0.53880815207958199 0.23528275266289711 0.87206641957163789 0.38114911317825317 0.32700769603252411 0.39286962896585464 0.87828324362635612 0.73594169691205025 0.31107324734330177
leaf_count=6 6 7 8 6 5 5 5 6 6 8 7 7 20 4 5 9 8 5 6 9 6 6
internal_value=1.91136e-11 -0.0360032 -0.0545716 -0.0062048 -0.00364995 -0.00603858 -0.0431725 -0.0093279 -0.00798564 -0.0413449 -0.0450307 -0.0401864 -0.0653593 0.0610613 -0.0438706 0.0609049 -0.0651109 -0.00115883 0.0606688 0.0609997 0.0613621 -0.0659037
internal_weight=10.0497 6.32205 3.89496 2.42709 1.335 0.681519 1.89382 1.09209 0.702112 0.954759 0.939064 0.714368 2.00114 3.72763 0.564517 2.45288 1.3742 0.653477 0.702529 1.75035 1.27475 0.626944
internal_count=160 120 80 40 21 11 40 19 12 20 20 15 40 40 12 30 28 10 12 18 10 12
is_linear=0
shrinkage=0.05


Tree=14
num_leaves=23
num_cat=0
split_feature=0 2 2 3 1 4 5 6 1 5 3 0 0 0 4 0 3 6 4 1 0 3
split_gain=7.71955 1.27015 0.181765 0.00639395 0.00344781 0.00229338 0.00117088 0.000689133 0.000751048 0.000676506 0.000227589 0.000102702 9.51149e-05 6.33199e-05 6.16863e-05 2.12851e-05 1.95151e-05 1.25645e-05 3.92031e-06 3.27081e-06 1.11714e-06 8.48323e-07
threshold=79.872879028320327 72.500000000000014 57.500000000000007 64.031455993652358 62.733404159545906 35.442211151123054 0.35441604256629949 3.8469237089157109 63.544439315795906 0.35814735293388372 60.148721694946296 7.5852658748626718 40.014465332031257 39.482965469360359 92.672641754150405 65.246723175048842 86.431137084960952 0.40717370808124548 91.485958099365249 87.496990203857436 94.018100738525405 14.683542728424074
decision_type=2 2 2 2 2 2 2 2 2 2 2 2 2 2 2 2 2 2 2 2 2 2
left_child=1 2 11 4 15 9 -7 8 -5 -4 -6 21 -8 -11 16 -3 18 -13 -2 -18 -16 -1
right_child=14 3 5 7 10 6 12 -9 -10 13 -12 17 -14 -15 20 -17 19 -19 -20 -21 -22 -23
leaf_value=-0.06537362701704795 0.059711014180960698 -0.0106176358298687 -0.045644885135626076 -0.0052102662500384152 -0.0066296013397231113 -0.042102083186260235 -0.039683340229573087 -0.00057486714643920046 -0.0020297581926194751 -0.043245637473586451 -0.0052102662500384152 -0.064598200790652038 -0.038475854680199845 -0.042122660335790763 0.060479291032688204 -0.010054266527229658 0.060107590302162499 -0.064242319089230407 0.059961648201552503 0.060251421539193217 0.060578920230982991 -0.065251143453688154
leaf_weight=0.28490956127643596 0.27883116528391916 0.26068335771560691 0.34208998829126358 0.29753125458955754 0.28243980929255486 0.2202969454228878 0.3507283478975296 0.30671552568674088 0.3070141114294529 0.30159362033009529 0.35016090422868729 0.89476651698350884 0.30483949929475784 0.2150224931538105 0.48723200708627679 0.46983914449810982 0.78759042918682076 0.34311845153570175 0.35422789677977562 0.79349116235971451 0.6659352071583271 0.28058827295899391
leaf_count=6 6 5 8 5 5 5 8 5 5 7 6 20 7 5 4 9 9 8 6 9 6 6
internal_value=4.86668e-11 -0.0348995 -0.0536398 -0.00574768 -0.00791527 -0.0420841 -0.0402839 -0.00250526 -0.00348465 -0.0439202 -0.00521302 -0.0647546 -0.0391219 -0.0427782 0.0602403 -0.0102553 0.0600858 -0.0644996 0.0598513 0.0601798 0.0605368 -0.0653129
internal_weight=9.17965 5.81234 3.53795 2.27438 1.36312 1.73457 0.875865 0.911261 0.604545 0.858706 0.632601 1.80338 0.655568 0.516616 3.36731 0.730523 2.21414 1.23788 0.633059 1.58108 1.15317 0.565498
internal_count=160 120 80 40 25 40 20 15 10 20 11 40 15 12 40 14 30 28 12 18 10 12
is_linear=0
shrinkage=0.05


Tree=15
num_leaves=23
num_cat=0
split_feature=0 2 2 3 1 4 3 5 6 1 5 0 4 6 3 6 4 4 1 0 3 5
split_gain=6.76363 1.15882 0.172442 0.00542546 0.00237673 0.00205641 0.00190126 0.00108211 0.00108019 0.00120564 0.000605467 9.65339e-05 5.59812e-05 5.43826e-05 1.64375e-05 1.03431e-05 6.82857e-06 3.61321e-06 3.11788e-06 8.65809e-07 8.46162e-07 6.08792e-11
threshold=79.872879028320327 72.500000000000014 57.500000000000007 62.27971267700196 62.733404159545906 35.442211151123054 65.775196075439467 0.36679254472255712 3.776604533195496 62.733404159545906 0.35814735293388372 7.5852658748626718 92.672641754150405 2.1755837202072148 86.431137084960952 0.40717370808124548 64.19608306884767 91.485958099365249 87.496990203857436 94.018100738525405 14.683542728424074 0.37997947633266455
decision_type=2 2 2 2 2 2 2 2 2 2 2 2 2 2 2 2 2 2 2 2 2 2
left_child=1 2 11 8 6 10 -5 -7 -3 -10 -4 20 14 -12 17 -13 -6 -2 -16 -14 -1 -9
right_child=12 3 5 4 16 7 -8 21 9 -11 13 15 19 -15 18 -17 -18 -19 -20 -21 -22 -23
leaf_value=-0.064867348064262531 0.058985299817863338 -0.010315983672741145 -0.044609979447423981 -0.0055229813571601354 -0.00086647549052134307 -0.04110575092949828 -0.0029429038838513859 -0.037643070771963105 -0.0085621163428623789 -0.0055229813571601354 -0.042228743134639812 -0.064067883085676985 0.059752477020090344 -0.041141960924568691 0.059370489296088361 -0.063727872401556807 -0.00052219018745412423 0.059238722763990649 0.059518228604727642 0.059844648790607385 -0.064738632183297937 -0.037641892792198817
leaf_weight=0.25743191689252864 0.25113999471068416 0.34102099761366877 0.31292685493826866 0.31310043483972527 0.28781285881996155 0.36229891330003738 0.28631063178181648 0.24123025313019753 0.29308606684207916 0.32270609214901924 0.27604296430945396 0.80711320042610146 0.44113576412200906 0.19744573906064034 0.71142147481441476 0.30941447615623474 0.28828044608235359 0.31969544664025307 0.71705750003457069 0.60311033204197884 0.25332841277122498 0.20113060623407364
leaf_count=6 6 7 8 6 5 9 5 6 6 6 7 20 4 5 9 8 5 6 9 6 6 5
internal_value=-4.05133e-10 -0.0338498 -0.0527899 -0.00526294 -0.00298751 -0.0410851 -0.00519161 -0.0393081 -0.00805845 -0.00680825 -0.0429034 -0.0642341 0.059509 -0.0417756 0.059354 -0.0639737 -0.000694193 0.0591272 0.0594447 0.0598057 -0.0648035 -0.0376425
internal_weight=8.39424 5.35068 3.21836 2.13232 1.1755 1.59108 0.599411 0.80466 0.956813 0.615792 0.786416 1.62729 3.04356 0.473489 1.99931 1.11653 0.576093 0.570835 1.42848 1.04425 0.51076 0.442361
internal_count=160 120 80 40 21 40 11 20 19 12 20 40 40 12 30 28 10 12 18 10 12 11
is_linear=0
shrinkage=0.05


Tree=16
num_leaves=23
num_cat=0
split_feature=0 2 2 3 1 4 5 6 4 6 4 0 6 0 4 0 3 6 4 1 0 3
split_gain=5.94756 1.0561 0.163916 0.00458627 0.00253126 0.00188366 0.00101298 0.000562158 0.000607518 0.000551172 0.000169609 0.000163384 9.32704e-05 9.01452e-05 4.85037e-05 2.40152e-05 1.43699e-05 9.05328e-06 3.09244e-06 2.93894e-06 7.82828e-07 6.78863e-07
threshold=79.872879028320327 72.500000000000014 57.500000000000007 64.031455993652358 62.733404159545906 35.442211151123054 0.35441604256629949 3.8469237089157109 64.341842651367202 2.1983588933944707 34.139917373657234 67.686664581298842 1.9945488572120669 7.5852658748626718 92.672641754150405 65.246723175048842 86.431137084960952 0.40717370808124548 91.485958099365249 87.496990203857436 94.018100738525405 14.683542728424074
decision_type=2 2 2 2 2 2 2 2 2 2 2 2 2 2 2 2 2 2 2 2 2 2
left_child=1 2 13 4 15 9 -7 8 -5 10 -4 -6 -8 21 16 -3 18 -15 -2 -18 -16 -1
right_child=14 3 5 7 11 6 12 -9 -10 -11 -12 -13 -14 17 20 -17 19 -19 -20 -21 -22 -23
leaf_value=-0.064416747052024825 0.058347275772609078 -0.0093795236814086611 -0.044027812890042137 -0.0043811509280722851 -0.0056667661462494537 -0.040151516529489777 -0.037778837296098038 -8.3458280691772776e-05 -0.0014825210292249641 -0.040151516529489777 -0.042145688677240785 -0.0043811509280722851 -0.036478484782339234 -0.063605777163435601 0.059097550006731087 -0.0087400801859267817 0.058722181972709842 -0.063270919412715829 0.058594085921377249 0.05887297919719986 0.059189636022339426 -0.064295494920645666
leaf_weight=0.23275333270430576 0.22645303606987033 0.22831517085432984 0.17893478646874428 0.2629970684647559 0.24733015522360802 0.18575795739889145 0.29567991569638252 0.27065465226769447 0.26996881514787674 0.18049120530486107 0.36158023029565811 0.30912749841809273 0.258421890437603 0.72891751304268815 0.39941395074129094 0.41142274439334869 0.64353948459029175 0.27914902940392494 0.28874118253588676 0.64890460297465324 0.54667006060481071 0.22902300953865051
leaf_count=6 6 5 5 5 5 5 8 5 5 5 10 6 7 20 4 9 9 8 6 9 6 6
internal_value=-2.55654e-11 -0.032874 -0.0519894 -0.00486052 -0.00682311 -0.0401283 -0.0383559 -0.00193919 -0.00288158 -0.0419471 -0.0427688 -0.00438115 -0.0371724 -0.0637781 0.0588607 -0.00896829 0.0587089 -0.063513 0.0584856 0.0587979 0.0591508 -0.0643566
internal_weight=7.68425 4.93052 2.93071 1.99982 1.1962 1.46087 0.73986 0.803621 0.532966 0.721006 0.540515 0.556458 0.554102 1.46984 2.75372 0.639738 1.80764 1.00807 0.515194 1.29244 0.946084 0.461776
internal_count=160 120 80 40 25 40 20 15 10 20 15 11 15 40 40 14 30 28 12 18 10 12
is_linear=0
shrinkage=0.05


Tree=17
num_leaves=23
num_cat=0
split_feature=0 2 6 3 1 4 3 5 6 1 5 0 0 0 4 3 6 4 1 4 0 3
split_gain=5.24358 0.966687 0.155552 0.00386473 0.00192937 0.00168108 0.00135938 0.000931636 0.000809776 0.000878714 0.000571685 8.28169e-05 8.20423e-05 4.95574e-05 4.28442e-05 1.21382e-05 8.15818e-06 2.7231e-06 2.6303e-06 1.3833e-06 7.70874e-07 4.88812e-07
threshold=79.872879028320327 72.500000000000014 1.1486442983150484 62.27971267700196 62.733404159545906 35.442211151123054 65.775196075439467 0.35441604256629949 3.776604533195496 62.733404159545906 0.35814735293388372 7.5852658748626718 40.014465332031257 39.482965469360359 92.672641754150405 86.431137084960952 0.40717370808124548 91.485958099365249 87.496990203857436 64.19608306884767 94.018100738525405 14.683542728424074
decision_type=2 2 2 2 2 2 2 2 2 2 2 2 2 2 2 2 2 2 2 2 2 2
left_child=1 2 11 8 6 10 -5 -7 -3 -10 -4 21 -9 -12 15 17 -13 -2 -17 -6 -16 -1
right_child=14 3 5 4 19 7 -8 12 9 -11 13 16 -14 -15 20 18 -18 -19 -20 -21 -22 -23
leaf_value=-0.064014130371618225 0.057774952128230805 -0.0090414127643357062 -0.042857117723475877 -0.0046701446396439118 -0.00027289382661022636 -0.039278976903889491 -0.0023479367120377518 -0.036913750463217161 -0.0074197900423422962 -0.0046701446396439118 -0.040327775123869647 -0.063203035120619283 -0.035642973225499516 -0.039278976903889491 0.058508469987770872 0.058138280577618121 -0.062868644885332642 0.058018679498013752 0.058288220948560468 -0.00010796868218817221 0.058604434908487435 -0.063905987785914442
leaf_weight=0.21071828529238723 0.20432310551404986 0.29874431341886509 0.26308896020054795 0.27535636723041512 0.25405482947826385 0.17092011868953705 0.25259322300553322 0.27316367998719215 0.25692849606275558 0.28405493125319481 0.23274903744459152 0.65922670252621174 0.23738465830683708 0.16612019017338753 0.36201385408639897 0.58248625323176362 0.25217433832585812 0.26098952442407608 0.58748738467693329 0.25450680404901505 0.4959610290825367 0.20728317275643349
leaf_count=6 6 7 8 6 5 5 5 8 6 6 7 20 7 5 4 9 8 6 9 5 6 6
internal_value=1.48648e-10 -0.031941 -0.0512522 -0.00443082 -0.00238829 -0.0392533 -0.00450552 -0.0375101 -0.006952 -0.00579817 -0.0410479 -0.0633778 -0.0363229 -0.0398545 0.0582778 0.0581277 -0.0631105 0.0579117 0.0582136 -0.000190358 0.0585639 -0.0639605
internal_weight=7.04233 4.54907 2.67283 1.87624 1.03651 1.34343 0.52795 0.681468 0.839728 0.540983 0.661958 1.3294 0.510548 0.398869 2.49326 1.63529 0.911401 0.465313 1.16997 0.508562 0.857975 0.418001
internal_count=160 120 80 40 21 40 11 20 19 12 20 40 15 12 40 30 28 12 18 10 10 12
is_linear=0
shrinkage=0.05


Tree=18
num_leaves=23
num_cat=0
split_feature=0 2 2 3 1 4 5 5 6 1 5 0 6 0 4 0 3 6 1 4 0 3
split_gain=4.63806 0.8843 0.147552 0.00333544 0.00185842 0.00151692 0.000862803 0.000512616 0.00045615 0.000453495 0.000116035 7.66513e-05 7.49881e-05 4.26821e-05 3.70057e-05 2.67591e-05 1.04695e-05 6.957e-06 2.4543e-06 2.29479e-06 6.63016e-07 4.06796e-07
threshold=79.872879028320327 72.500000000000014 57.500000000000007 64.031455993652358 62.733404159545906 35.442211151123054 0.35441604256629949 0.35814735293388372 3.8469237089157109 63.544439315795906 0.66860106587409984 7.5852658748626718 1.9945488572120669 39.482965469360359 92.672641754150405 65.246723175048842 86.431137084960952 0.40717370808124548 87.496990203857436 91.485958099365249 94.018100738525405 14.683542728424074
decision_type=2 2 2 2 2 2 2 2 2 2 2 2 2 2 2 2 2 2 2 2 2 2
left_child=1 2 11 4 15 7 -7 -4 9 -5 -6 21 -8 -9 16 -3 19 -13 -18 -2 -16 -1
right_child=14 3 5 8 10 6 12 13 -10 -11 -12 17 -14 -15 20 -17 18 -19 -20 -21 -22 -23
leaf_value=-0.063658241520934994 0.057266968700063939 -0.0082805293846409875 -0.041995059770461175 -0.0036340392781133929 -0.0046778278090087886 -0.038455337567571246 -0.036100529502649033 -0.039486203991841745 0.00036257601730301203 -0.00097843165377975243 -0.0036340392781133929 -0.062837444373905135 -0.034835781776802348 -0.038455337567571246 0.057981804803967529 -0.0075598243411488467 0.057617431781166073 -0.062512761126200009 0.057769566681152851 0.057502301837929537 0.058075210419547413 -0.063554611664072266
leaf_weight=0.19099221937358379 0.18456607870757613 0.20025641843676545 0.24158667027950287 0.23111972957849491 0.26670461893081665 0.15747011452913284 0.25116069987416267 0.21409126184880733 0.23909679427742958 0.23939106240868568 0.22336418554186821 0.59674208983778954 0.21973342634737492 0.15287683345377445 0.32856071740388859 0.3609175868332386 0.52782162092626073 0.22802800126373768 0.53259898908436298 0.23610810935497284 0.45044848509132862 0.18783129565417767
leaf_count=6 6 5 8 5 6 5 8 7 5 5 5 20 7 5 4 9 9 8 9 6 6 6
internal_value=-3.65545e-11 -0.03107 -0.0505548 -0.00406442 -0.00585232 -0.0384273 -0.0367041 -0.0402065 -0.00141575 -0.00231944 -0.00363404 -0.0630181 -0.0355104 -0.0390291 0.0577568 -0.00781701 0.0576101 -0.0627477 0.0576938 0.0573991 0.0580358 -0.0636069
internal_weight=6.46147 4.20136 2.44051 1.76085 1.05124 1.23692 0.628364 0.608555 0.709608 0.470511 0.490069 1.20359 0.470894 0.366968 2.2601 0.561174 1.48109 0.82477 1.06042 0.420674 0.779009 0.378824
internal_count=160 120 80 40 25 40 20 20 15 10 11 40 15 12 40 14 30 28 18 12 10 12
is_linear=0
shrinkage=0.05


Tree=19
num_leaves=23
num_cat=0
split_feature=0 2 2 3 1 4 5 5 0 0 0 6 4 4 0 3 6 5 1 0 0 3
split_gain=4.11147 0.811806 0.139867 0.00279651 0.00158476 0.0013721 0.000821465 0.000460731 0.000379335 0.000110571 7.1073e-05 3.91839e-05 3.78435e-05 3.26821e-05 2.08164e-05 8.57155e-06 5.56645e-06 3.96078e-06 2.24149e-06 5.0624e-07 3.77853e-07 3.63882e-07
threshold=79.872879028320327 72.500000000000014 57.500000000000007 64.031455993652358 62.733404159545906 35.442211151123054 0.36679254472255712 0.35814735293388372 64.458267211914077 67.686664581298842 7.5852658748626718 2.1755837202072148 64.769802093505874 92.672641754150405 65.246723175048842 86.431137084960952 0.40717370808124548 0.98412311077117931 87.496990203857436 94.018100738525405 40.014465332031257 14.683542728424074
decision_type=2 2 2 2 2 2 2 2 2 2 2 2 2 2 2 2 2 2 2 2 2 2
left_child=1 2 10 4 14 7 -7 -4 -5 -6 21 -9 -10 15 -3 17 -12 -2 -17 -15 -8 -1
right_child=13 3 5 8 9 6 20 11 12 -11 16 -13 -14 19 -16 18 -18 -19 -20 -21 -22 -23
leaf_value=-0.06334352528334776 0.056798655751803963 -0.0076624787098266162 -0.041191743766731577 -0.0028800062179043661 -0.0044339337020009167 -0.037688705740911696 -0.034300225869638726 -0.038717910152477698 -0.00079933725906038426 -0.0032686654134670683 -0.06250829179493482 -0.037688705740911696 0.00011937043555067381 0.057509105020867396 -0.0070057675724140428 0.057141576075034908 -0.062203176782938921 0.057078117791049689 0.057294256406644567 0.057594716649229355 -0.034191113430248457 -0.063240654228715207
leaf_weight=0.17344079539179802 0.22254000976681731 0.18760813400149368 0.22221225127577782 0.21869117394089699 0.20433131605386734 0.26062890142202377 0.14638367481529713 0.19702594168484211 0.22420685365796089 0.25581520795822144 0.54086166433990002 0.14114523306488991 0.22416364029049873 0.29860966652631749 0.33819632232189178 0.47853550128638744 0.20657600834965706 0.15815460495650768 0.48303274065256119 0.40944053418934345 0.17325115390121937 0.17043964006006718
leaf_count=6 8 5 8 5 5 9 5 7 5 6 20 5 5 4 9 9 8 4 9 6 6 6
internal_value=3.95193e-11 -0.0302317 -0.0499014 -0.003673 -0.00536459 -0.0376585 -0.0359543 -0.0394231 -0.00117274 -0.00326867 -0.0626977 -0.038261 -0.000340028 0.0572838 -0.00724008 0.0571388 -0.062424 0.056938 0.0572183 0.0575586 -0.0342411 -0.0632925
internal_weight=5.93529 3.88498 2.23197 1.65301 0.985951 1.14065 0.580264 0.560383 0.667062 0.460147 1.09132 0.338171 0.44837 2.05031 0.525804 1.34226 0.747438 0.380695 0.961568 0.70805 0.319635 0.34388
internal_count=160 120 80 40 25 40 20 20 15 11 40 12 10 40 14 30 28 12 18 10 11 12
is_linear=0
shrinkage=0.05


Tree=20
num_leaves=23
num_cat=0
split_feature=0 2 2 3 1 4 3 0 6 1 5 6 5 0 4 3 6 5 4 1 0 3
split_gain=3.65359 0.745791 0.132696 0.00246075 0.00136212 0.00125581 0.000878361 0.000771316 0.000611648 0.000559697 0.000509389 0.000418116 0.000133435 6.52868e-05 2.8459e-05 7.0819e-06 4.67883e-06 3.37959e-06 2.7739e-06 2.04651e-06 4.5541e-07 2.92346e-07
threshold=79.872879028320327 72.500000000000014 57.500000000000007 62.27971267700196 62.733404159545906 35.442211151123054 65.775196075439467 39.482965469360359 3.776604533195496 62.733404159545906 0.36679254472255712 2.1983588933944707 0.36961632966995245 7.5852658748626718 92.672641754150405 86.431137084960952 0.40717370808124548 0.98412311077117931 64.19608306884767 87.496990203857436 94.018100738525405 14.683542728424074
decision_type=2 2 2 2 2 2 2 2 2 2 2 2 2 2 2 2 2 2 2 2 2 2
left_child=1 2 13 8 6 11 -5 10 -3 -10 -7 12 -4 21 15 17 -15 -2 -6 -17 -16 -1
right_child=14 3 5 4 18 7 -8 -9 9 -11 -12 -13 -14 16 20 19 -18 -19 -20 -21 -22 -23
leaf_value=-0.063054795294369359 0.056385318277859003 -0.0075274274459181823 -0.040537527255318846 -0.0035206610516188641 0.00037767542997064557 -0.036951027645153067 -0.001484270426441297 -0.032895624905561242 -0.0059741707540134237 -0.0035206610516188641 -0.034831669605966641 -0.036951027645153067 -0.038675443537789962 -0.062214589423316195 0.057074514248923153 0.056711658724911254 -0.061920877061759652 0.056654780685740307 0.00063384502485823826 0.05686477590036642 0.05715966209030722 -0.062958079261765817
leaf_weight=0.15767972171306621 0.20140150003135182 0.24560258165001891 0.17885421216487885 0.22761876881122589 0.21114069223403931 0.1870910506695509 0.20968981459736824 0.21386268176138401 0.21144338324666023 0.23508947715163231 0.13554991222918034 0.12967235594987869 0.20820456743240356 0.49101787805557251 0.27143444120883931 0.43432960286736488 0.18731836229562759 0.14345611818134785 0.21156230568885803 0.43859625793993473 0.37259353138506413 0.15488101541996002
leaf_count=6 8 7 7 6 5 7 5 8 6 6 5 5 8 20 4 9 8 4 5 9 6 6
internal_value=-1.00846e-10 -0.0294341 -0.0492751 -0.00330407 -0.00151807 -0.0369186 -0.00347443 -0.0352242 -0.00552325 -0.00442091 -0.0367677 -0.0386778 -0.0395359 -0.062409 0.056855 0.0567128 -0.0621335 0.056521 0.000505888 0.0567886 0.0571238 -0.0630069
internal_weight=5.45809 3.59628 2.04413 1.55215 0.860012 1.05323 0.437309 0.536504 0.692135 0.446533 0.322641 0.516731 0.387059 0.990897 1.86181 1.21778 0.678336 0.344858 0.422703 0.872926 0.644028 0.312561
internal_count=160 120 80 40 21 40 11 20 19 12 12 20 15 40 40 30 28 12 10 18 10 12
is_linear=0
shrinkage=0.05


Tree=21
num_leaves=23
num_cat=0
split_feature=0 2 2 3 5 0 1 4 6 4 6 0 0 4 4 0 3 6 5 1 0 3
split_gain=3.25573 0.684715 0.125803 0.00204411 0.00121572 0.0013444 0.00119058 0.000565913 0.000384624 0.000332185 0.000184488 7.46506e-05 5.99578e-05 5.64764e-05 2.43038e-05 2.02796e-05 6.01148e-06 4.15805e-06 2.89157e-06 1.8812e-06 3.94225e-07 2.31443e-07
threshold=79.872879028320327 72.500000000000014 57.500000000000007 64.031455993652358 0.364504024386406 40.014465332031257 62.733404159545906 35.818746566772468 3.8469237089157109 64.341842651367202 2.1983588933944707 67.686664581298842 7.5852658748626718 34.904014587402351 92.672641754150405 65.246723175048842 86.431137084960952 0.40717370808124548 0.98412311077117931 87.496990203857436 94.018100738525405 14.683542728424074
decision_type=2 2 2 2 2 2 2 2 2 2 2 2 2 2 2 2 2 2 2 2 2 2
left_child=1 2 12 6 10 7 15 -6 9 -5 13 -8 21 -4 16 -3 18 -14 -2 -18 -16 -1
right_child=14 3 4 8 5 -7 11 -9 -10 -11 -12 -13 17 -15 20 -17 19 -19 -20 -21 -22 -23
leaf_value=-0.062786159581868048 0.056011342492680971 -0.0067085240390279584 -0.039757048295282184 -0.0026203156562898075 -0.036498684045368282 -0.031375998802793945 -0.0036434538744086831 -0.033936386603339662 0.0010769894684891953 -0.00027341968676959085 -0.036851873533389305 -0.0026203156562898075 -0.061944000932174517 -0.038294188467719731 0.056679072798708444 -0.0060171030783573304 0.056324754071540695 -0.061653415301899217 0.056272718232495238 0.056478715992628652 0.056762101848388535 -0.062695950317478336
leaf_weight=0.14350935071706772 0.18248104490339734 0.16488524153828621 0.14090169593691826 0.19262555241584778 0.16806023195385933 0.19690545275807381 0.18012599647045135 0.19912978447973728 0.19890382140874863 0.19823316112160683 0.14464576169848442 0.2258048951625824 0.44629567675292492 0.12407977879047394 0.24700279533863057 0.29721134528517723 0.39476255513727665 0.16999958455562592 0.13024848699569702 0.39886999689042568 0.33941161260008812 0.14092190004885197
leaf_count=6 8 5 6 5 7 8 5 8 5 5 6 6 20 5 4 9 9 8 4 9 6 6
internal_value=-2.88576e-10 -0.0286852 -0.0486731 -0.0029844 -0.0362148 -0.0347093 -0.00452768 -0.0364968 -0.000712949 -0.00162383 -0.0382881 -0.00262032 -0.062141 -0.0390721 0.0564669 -0.00626382 0.056329 -0.0618638 0.0561433 0.0564021 0.0567271 -0.0627415
internal_weight=5.02502 3.33224 1.87445 1.45779 0.973723 0.564095 0.868027 0.36719 0.589763 0.390859 0.409627 0.405931 0.900727 0.264981 1.69278 0.462097 1.10636 0.616295 0.31273 0.793633 0.586414 0.284431
internal_count=160 120 80 40 40 23 25 15 15 10 17 11 40 11 40 14 30 28 12 18 10 12
is_linear=0
shrinkage=0.05


Tree=22
num_leaves=23
num_cat=0
split_feature=0 2 2 3 1 4 5 3 6 1 5 6 0 6 4 3 6 5 1 4 0 3
split_gain=2.90729 0.631056 0.118779 0.00177673 0.0011396 0.00108342 0.000648445 0.000641273 0.000478015 0.00041679 0.000363387 6.80477e-05 5.43157e-05 2.83207e-05 2.10608e-05 4.97291e-06 3.53707e-06 2.46229e-06 1.66655e-06 1.51711e-06 3.76515e-07 2.19428e-07
threshold=79.872879028320327 72.500000000000014 57.500000000000007 62.27971267700196 62.733404159545906 35.442211151123054 0.35441604256629949 65.775196075439467 3.776604533195496 62.733404159545906 0.35814735293388372 1.9945488572120669 7.5852658748626718 2.1755837202072148 92.672641754150405 86.431137084960952 0.40717370808124548 0.98412311077117931 87.496990203857436 64.19608306884767 94.018100738525405 14.683542728424074
decision_type=2 2 2 2 2 2 2 2 2 2 2 2 2 2 2 2 2 2 2 2 2 2
left_child=1 2 12 8 7 10 -7 -5 -3 -10 -4 -8 21 -12 15 17 -14 -2 -17 -6 -16 -1
right_child=14 3 5 4 19 6 11 -9 9 -11 13 -13 16 -15 20 18 -18 -19 -20 -21 -22 -23
leaf_value=-0.062531876921450125 0.055670079525004093 -0.0065387125311448802 -0.039135540216870733 -0.0028361864375303345 0.00084271766621591261 -0.035628791677007665 -0.033336102131035189 -0.00094631844401617368 -0.005074792344360657 -0.0028361864375303345 -0.03663832636609661 -0.031929461778363075 -0.061688458385948934 -0.035628791677007665 0.056314719794267401 0.055968926689425352 -0.061407403038786237 0.055921803275988349 0.056120847552156052 0.0010440931182920407 0.056399703664759319 -0.062439854276349328
leaf_weight=0.1308126226067543 0.16548157855868317 0.21588161401450634 0.17460604757070541 0.20070573501288891 0.18678950518369675 0.11502165719866753 0.18420948833227158 0.1854337751865387 0.18600434064865112 0.2075364738702774 0.15536710061132908 0.1612307894974947 0.406169343739748 0.11143567226827145 0.22504527494311322 0.35906689614057541 0.15453513152897358 0.11840702965855598 0.36302972584962845 0.1873251348733902 0.309673972427845 0.12833267822861671
leaf_count=6 8 7 8 6 5 5 8 5 6 6 7 7 20 5 4 9 8 4 9 5 6 6
internal_value=2.01372e-10 -0.0279645 -0.0481136 -0.00263666 -0.00102434 -0.0355922 -0.0338954 -0.00283619 -0.00464803 -0.00361087 -0.0373622 -0.0326796 -0.0618877 -0.0362016 0.0561104 0.0559756 -0.061611 0.0557983 0.0560453 0.00094355 0.0563639 -0.0624863
internal_weight=4.6321 3.0914 1.72172 1.36968 0.760254 0.901871 0.460462 0.38614 0.609422 0.393541 0.441409 0.34544 0.81985 0.266803 1.5407 1.00599 0.560704 0.283889 0.722097 0.374115 0.534719 0.259145
internal_count=160 120 80 40 21 40 20 11 19 12 20 15 40 12 40 30 28 12 18 10 10 12
is_linear=0
shrinkage=0.05


Tree=23
num_leaves=23
num_cat=0
split_feature=0 2 2 3 4 1 5 6 5 1 5 6 0 0 0 4 3 6 5 1 0 3
split_gain=2.60228 0.580772 0.112475 0.00150855 0.000975134 0.000899792 0.000600935 0.000328678 0.000328533 0.000277691 6.03368e-05 5.69713e-05 4.99299e-05 2.78085e-05 2.06523e-05 1.78995e-05 4.18617e-06 2.89019e-06 2.09512e-06 1.51865e-06 3.20342e-07 1.56662e-07
threshold=79.872879028320327 72.500000000000014 57.500000000000007 64.031455993652358 35.442211151123054 62.733404159545906 0.35441604256629949 3.8469237089157109 0.35814735293388372 63.544439315795906 0.66860106587409984 1.9945488572120669 7.5852658748626718 39.482965469360359 65.246723175048842 92.672641754150405 86.431137084960952 0.40717370808124548 0.98412311077117931 87.496990203857436 94.018100738525405 14.683542728424074
decision_type=2 2 2 2 2 2 2 2 2 2 2 2 2 2 2 2 2 2 2 2 2 2
left_child=1 2 12 5 8 14 -6 9 -4 -5 -7 -8 21 -10 -3 16 18 -14 -2 -18 -17 -1
right_child=15 3 4 7 6 10 11 -9 13 -11 -12 -13 17 -15 -16 20 19 -19 -20 -21 -22 -23
leaf_value=-0.062295758669385096 0.055359729865002885 -0.0058403081526651399 -0.038461325665030431 -0.0020078747144078369 -0.03499982519067877 -0.0028944132806856277 -0.032695885624621529 0.0014930186557881898 -0.036011647929199225 0.00016636079588516954 -0.0020078747144078369 -0.031360245011700719 -0.061450025723795647 -0.03499982519067877 -0.0050964762808125052 0.055982085976333022 0.055645255630263304 -0.061183769133143329 0.055602838706831359 0.055797189813149212 0.056064141994705455 -0.062214364426357409
leaf_weight=0.11938774026930332 0.15025110170245148 0.14507265947759151 0.16152975149452686 0.16943504102528095 0.10672993212938309 0.19514796696603298 0.17098464071750641 0.17618400976061821 0.1441882885992527 0.17636294662952423 0.16333100199699402 0.14977506175637245 0.370138855651021 0.10303972661495209 0.26156776398420334 0.2053261511027813 0.32706526480615139 0.14065114036202431 0.10773967020213604 0.33083747141063213 0.28270949423313141 0.11710485257208347
leaf_count=6 8 5 8 5 5 6 8 5 7 5 5 7 20 5 9 4 9 8 4 9 6 6
internal_value=-1.36172e-11 -0.0272826 -0.0475584 -0.00233716 -0.0349616 -0.00375102 -0.033292 -0.000264726 -0.0367077 -0.0011603 -0.00200787 -0.0320722 -0.0616548 -0.0355619 -0.00536185 0.055785 0.0556547 -0.0613767 0.055484 0.0557217 0.0560296 -0.0622555
internal_weight=4.27456 2.87063 1.58353 1.2871 0.836247 0.765119 0.42749 0.521982 0.408758 0.345798 0.358479 0.32076 0.747283 0.247228 0.40664 1.40393 0.915894 0.51079 0.257991 0.657903 0.488036 0.236493
internal_count=160 120 80 40 40 25 20 15 20 10 11 15 40 12 14 40 30 28 12 18 10 12
is_linear=0
shrinkage=0.05


Tree=24
num_leaves=24
num_cat=0
split_feature=0 2 2 3 1 5 4 3 6 1 6 0 0 4 5 6 4 1 1 0 3 5 0
split_gain=2.3333 0.535912 0.106431 0.00130654 0.000913373 0.000888294 0.000586504 0.000484259 0.000394524 0.000314952 0.000240416 0.000236483 4.57744e-05 1.54998e-05 6.30793e-06 2.23035e-06 2.06671e-06 9.84444e-07 2.04765e-06 2.4835e-07 1.24592e-07 1.01517e-07 4.59364e-08
threshold=79.872879028320327 72.500000000000014 57.500000000000007 62.27971267700196 62.733404159545906 0.35814735293388372 34.904014587402351 65.775196075439467 3.776604533195496 62.733404159545906 2.0680736303329472 39.482965469360359 7.5852658748626718 92.672641754150405 0.37265501916408544 0.40717370808124548 64.19608306884767 87.496990203857436 92.194244384765639 94.018100738525405 14.683542728424074 0.98412311077117931 93.355400085449233
decision_type=2 2 2 2 2 2 2 2 2 2 2 2 2 2 2 2 2 2 2 2 2 2 2
left_child=1 2 12 8 7 11 -7 -5 -3 -10 14 -4 20 17 -8 -14 -6 22 21 -15 -1 -19 -2
right_child=13 3 5 4 16 6 10 -9 9 -11 -12 -13 15 19 -16 -17 -18 18 -20 -21 -22 -23 -24
leaf_value=-0.062075188697296196 0.055272616229493234 -0.0056886626466236675 -0.037979534368350075 -0.0022031176275634032 0.001198942725178826 -0.034916610946839365 -0.033150464424912811 -0.00043956686124815728 -0.0042714724415985937 -0.0022031176275634032 -0.030023955081753446 -0.034982630106876175 -0.061224714394485638 0.055677704494944164 -0.032585733937010163 -0.060979807195717287 0.0014486673626186407 0.055347322590759723 0.055538922422724214 0.055753285155981616 -0.06199926704248452 0.055387382489893382 0.055309022927944443
leaf_weight=0.10917038656771227 0.16049719415605046 0.18994591943919659 0.1534532867372036 0.17723210528492928 0.16546449065208435 0.19134549982845783 0.099508203566074371 0.16409149393439293 0.16382324509322643 0.1833318155258894 0.11877306178212166 0.11527292244136333 0.33776250761002302 0.18761854618787766 0.098289180546998978 0.1282653883099556 0.16593921557068825 0.21226014196872711 0.11268343962728977 0.25835305824875832 0.10700284130871296 0.16077861748635769 0.18828992918133736
leaf_count=6 6 7 8 6 5 10 5 5 6 6 6 6 20 4 5 8 5 9 3 6 6 6 6
internal_value=4.98049e-10 -0.0266221 -0.0470266 -0.00201775 -0.000549574 -0.0343692 -0.0331392 -0.00220312 -0.00385666 -0.00285428 -0.0318021 -0.036694 -0.0614363 0.0554835 -0.0328698 -0.0611573 0.00132398 0.0553564 0.0554024 0.0557215 -0.0620376 0.0553473 0.0552923
internal_weight=3.94915 2.66867 1.45884 1.20983 0.672727 0.776642 0.507916 0.341324 0.537101 0.347155 0.31657 0.268726 0.682201 1.28048 0.197797 0.466028 0.331404 0.834509 0.485722 0.445972 0.216173 0.373039 0.348787
internal_count=160 120 80 40 21 40 26 11 19 12 16 14 40 40 10 28 10 30 18 10 12 15 12
is_linear=0
shrinkage=0.05


Tree=25
num_leaves=24
num_cat=0
split_feature=0 2 2 3 4 1 0 5 6 6 4 4 5 0 0 4 6 1 1 0 5 3 0
split_gain=2.09686 0.494095 0.100787 0.00111572 0.000876383 0.000689337 0.0005472 0.000360195 0.000281338 0.000278499 0.000215853 9.67297e-05 4.50051e-05 4.19267e-05 2.11444e-05 1.31207e-05 1.86007e-06 8.97432e-07 1.7299e-06 2.13194e-07 9.4709e-08 8.82255e-08 4.19222e-08
threshold=79.872879028320327 72.500000000000014 57.500000000000007 64.031455993652358 35.442211151123054 62.733404159545906 39.482965469360359 0.36679254472255712 2.1983588933944707 3.8469237089157109 64.341842651367202 34.139917373657234 0.66860106587409984 7.5852658748626718 65.246723175048842 92.672641754150405 0.40717370808124548 87.496990203857436 92.194244384765639 94.018100738525405 0.98412311077117931 14.683542728424074 93.355400085449233
decision_type=2 2 2 2 2 2 2 2 2 2 2 2 2 2 2 2 2 2 2 2 2 2 2
left_child=1 2 13 5 8 14 7 -6 11 10 -5 -4 -7 21 -3 17 -15 22 20 -17 -19 -1 -2
right_child=15 3 4 9 6 12 -8 -9 -10 -11 -12 -13 -14 16 -16 19 -18 18 -20 -21 -22 -23 -24
leaf_value=-0.06186253890659156 0.055000181872166792 -0.0050539880967888137 -0.03778904450304952 -0.0014397605082914627 -0.033829050682105614 -0.0022602172112626356 -0.029727115084835248 -0.031690964899657115 -0.033829050682105614 0.0018727081279098499 0.00057534253792500473 -0.035751253318669005 -0.0014397605082914627 -0.061012933814546692 -0.0042520512268427162 0.055392895140197573 -0.060778857714528678 0.055074874146894708 0.055259618492640543 0.055466118301680772 0.055115102855561329 -0.061795756686649529 0.055036596735456626
leaf_weight=0.099925469607115236 0.14637674484401919 0.12776192091405392 0.086824161931872368 0.150747986510396 0.1283728014677763 0.17248417437076569 0.14760947786271572 0.093736741691827774 0.088720511645078659 0.15615476481616497 0.15543850883841515 0.17685316689312458 0.14437627419829369 0.30867687053978443 0.23047616519033909 0.17155392095446587 0.11705369409173727 0.19353258702903986 0.10300974920392036 0.23637629300355911 0.14669176284223795 0.097915926948189735 0.17180031724274158
leaf_count=6 6 5 5 5 7 6 8 5 5 5 5 10 5 20 9 4 8 9 3 6 6 6 6
internal_value=8.01806e-11 -0.0259975 -0.0465029 -0.00173794 -0.0337873 -0.00303386 -0.0320867 -0.0336548 -0.0355714 0.000154342 -0.000722023 -0.0364223 -0.00143976 -0.0612281 -0.00453805 0.0552065 -0.0609486 0.0550839 0.0551299 0.0554353 0.0550749 -0.0618295 0.0550198
internal_weight=3.65247 2.48313 1.34569 1.13744 0.722117 0.675099 0.369719 0.22211 0.352398 0.462341 0.306186 0.263677 0.31686 0.623572 0.358238 1.16934 0.425731 0.761411 0.443234 0.40793 0.340224 0.197841 0.318177
internal_count=160 120 80 40 40 25 20 12 20 15 10 15 11 40 14 40 28 30 18 10 15 12 12
is_linear=0
shrinkage=0.05


Tree=26
num_leaves=24
num_cat=0
split_feature=0 2 2 3 5 1 4 3 6 1 6 0 0 4 5 6 4 1 1 0 5 3 0
split_gain=1.88741 0.456728 0.0953439 0.000957115 0.000790002 0.000772572 0.00048187 0.000351347 0.000323122 0.000241203 0.000188916 0.000178733 3.7884e-05 1.12456e-05 4.96429e-06 1.60996e-06 9.9222e-07 8.11526e-07 1.41933e-06 1.90364e-07 9.81241e-08 5.38911e-08 3.25612e-08
threshold=79.872879028320327 72.500000000000014 57.500000000000007 62.27971267700196 0.35814735293388372 62.733404159545906 34.904014587402351 65.775196075439467 3.776604533195496 62.733404159545906 2.0680736303329472 39.482965469360359 7.5852658748626718 92.672641754150405 0.37265501916408544 0.40717370808124548 64.19608306884767 87.496990203857436 92.194244384765639 94.018100738525405 0.98412311077117931 14.683542728424074 93.355400085449233
decision_type=2 2 2 2 2 2 2 2 2 2 2 2 2 2 2 2 2 2 2 2 2 2 2
left_child=1 2 12 8 11 7 -6 -5 -3 -10 14 -4 21 17 -8 -14 -7 22 20 -15 -19 -1 -2
right_child=13 3 4 5 6 16 10 -9 9 -11 -12 -13 15 19 -16 -17 -18 18 -20 -21 -22 -23 -24
leaf_value=-0.061652717805665114 0.054747221410115066 -0.0048821064048742459 -0.036805274513414414 -0.0016096836239559904 -0.03379991489502767 0.0016402131299284796 -0.031988106642524529 6.128346338273167e-05 -0.0035162950538645838 -0.0016096836239559904 -0.029013012121963413 -0.034004565280060677 -0.060813373187498881 0.055127344082161904 -0.03145003235064428 -0.060585639989761401 0.0018239766899434641 0.054820113867490396 0.054999187567573972 0.055199662344159864 0.054862957293997421 -0.061598196567801203 0.054780804047973822
leaf_weight=0.091603443957865682 0.13366568833589532 0.1673590000718832 0.13255042862147093 0.15660096146166325 0.1653938926756382 0.1466642152518034 0.086277203634381294 0.1453336775302887 0.14444055780768394 0.16212762333452702 0.10317428596317768 0.099896935746073723 0.282526645809412 0.15697877109050751 0.085193445906043053 0.1069988738745451 0.14716193452477455 0.1766159450635314 0.094225787557661533 0.21649448294192553 0.13397575914859772 0.089711089618504047 0.15691008139401674
leaf_count=6 6 7 8 6 10 5 5 5 6 6 6 6 20 4 5 8 5 9 3 6 6 6 6
internal_value=1.47375e-10 -0.025392 -0.0460005 -0.00143822 -0.0332437 -0.000104259 -0.0319982 -0.00160968 -0.00311511 -0.00215048 -0.0307036 -0.0356016 -0.0610287 0.054948 -0.0317208 -0.0607508 0.00173225 0.0548291 0.0548749 0.0551693 0.0548215 -0.0616257 0.0547654
internal_weight=3.38188 2.31301 1.24333 1.06969 0.672486 0.595761 0.440039 0.301935 0.473927 0.306568 0.274645 0.232447 0.57084 1.06887 0.171471 0.389526 0.293826 0.695393 0.404817 0.373473 0.310592 0.181315 0.290576
internal_count=160 120 80 40 40 21 26 11 19 12 16 14 40 40 10 28 10 30 18 10 15 12 12
is_linear=0
shrinkage=0.05


Tree=27
num_leaves=24
num_cat=0
split_feature=0 2 2 3 4 1 0 5 5 6 1 0 0 0 0 4 6 1 1 0 5 3 0
split_gain=1.70259 0.421945 0.0902308 0.000825296 0.000769538 0.000533498 0.000455876 0.000309995 0.000266931 0.000238104 0.000183175 3.46273e-05 3.16368e-05 2.0313e-05 1.80986e-05 9.48849e-06 1.31919e-06 7.34322e-07 1.19616e-06 1.63117e-07 8.77589e-08 3.46902e-08 2.93641e-08
threshold=79.872879028320327 72.500000000000014 57.500000000000007 64.031455993652358 35.442211151123054 62.733404159545906 39.482965469360359 0.36679254472255712 0.35814735293388372 3.8469237089157109 63.544439315795906 7.5852658748626718 67.686664581298842 65.246723175048842 39.482965469360359 92.672641754150405 0.40717370808124548 87.496990203857436 92.194244384765639 94.018100738525405 0.98412311077117931 14.683542728424074 93.355400085449233
decision_type=2 2 2 2 2 2 2 2 2 2 2 2 2 2 2 2 2 2 2 2 2 2 2
left_child=1 2 11 5 8 13 7 -6 -4 10 -5 21 -7 -3 -10 17 -13 22 20 -17 -19 -1 -2
right_child=15 3 4 9 6 12 -8 -9 14 -11 -12 16 -14 -15 -16 19 -18 18 -20 -21 -22 -23 -24
leaf_value=-0.061454219768914665 0.054513359721558789 -0.0043093345482822284 -0.036341163901884431 -0.00090228697638699738 -0.032757797619794207 -0.0017253394333856507 -0.028697816166211781 -0.030619702726004994 -0.033735684978675386 0.0022415305388382742 0.0009676832979932014 -0.060617327145323779 -0.00090228697638699738 -0.0034723715105962625 -0.032757797619794207 0.054880737350787946 -0.060401869627362784 0.054585845266621427 0.054758040732341563 0.054950657788022418 0.054628419054801584 -0.061408557615196695 0.054546712910027322
leaf_weight=0.084077752195299116 0.12217910215258587 0.11266078427433968 0.12051124963909388 0.13266032934188843 0.11139610596001148 0.12412397935986519 0.12847907468676567 0.081642342731356621 0.10785198677331209 0.13852826878428459 0.13868733309209347 0.25889745261520147 0.15624672174453735 0.2033311165869236 0.077154072001576424 0.14385935664176941 0.09791097603738308 0.16140255145728588 0.086329210549592972 0.19851655047386885 0.12251462414860725 0.082318360917270184 0.14349300507456064
leaf_count=6 6 5 8 5 7 5 8 5 7 5 5 20 6 9 5 4 8 9 3 6 6 6 6
internal_value=-1.76516e-10 -0.024819 -0.0455052 -0.00117235 -0.0327131 -0.00235947 -0.0310056 -0.0325416 -0.03451 0.000554896 -0.000306164 -0.060836 -0.000902287 -0.00377077 -0.0333172 0.0547091 -0.0605582 0.0545948 0.0546403 0.0549213 0.0545889 -0.0614316 0.0545314
internal_weight=3.13477 2.15648 1.15024 1.00624 0.627035 0.596363 0.321518 0.193038 0.305517 0.409876 0.271348 0.523205 0.280371 0.315992 0.185006 0.978294 0.356808 0.635918 0.370246 0.342376 0.283917 0.166396 0.265672
internal_count=160 120 80 40 40 25 20 12 20 15 10 40 11 14 12 40 28 30 18 10 15 12 12
is_linear=0
shrinkage=0.05


Tree=28
num_leaves=26
num_cat=0
split_feature=0 2 2 3 4 1 5 6 3 5 1 0 0 6 4 4 6 3 1 1 0 5 3 0 0
split_gain=1.53821 0.390879 0.0852599 0.000709935 0.000686129 0.000635113 0.000405054 0.000263564 0.000262138 0.000239528 0.00018378 3.15348e-05 2.95322e-05 1.73581e-05 8.15563e-06 1.77665e-06 1.07047e-06 1.15391e-06 6.63244e-07 1.00942e-06 1.32654e-07 8.03668e-08 3.18175e-08 1.82783e-08 1.49666e-08
threshold=79.872879028320327 72.500000000000014 57.500000000000007 62.27971267700196 35.442211151123054 62.733404159545906 0.35441604256629949 3.776604533195496 65.775196075439467 0.35814735293388372 62.733404159545906 7.5852658748626718 40.014465332031257 2.1755837202072148 92.672641754150405 64.19608306884767 0.29941897094249731 12.408541679382326 87.496990203857436 92.194244384765639 94.018100738525405 0.98412311077117931 14.683542728424074 93.355400085449233 10.493085861206056
decision_type=2 2 2 2 2 2 2 2 2 2 2 2 2 2 2 2 2 2 2 2 2 2 2 2 2
left_child=1 2 11 7 9 8 -6 -3 -5 -4 -9 22 -8 -11 18 -7 24 -18 23 21 -16 -20 -1 -2 -13
right_child=14 3 4 5 6 15 12 10 -10 13 -12 16 -14 -15 20 -17 17 -19 19 -21 -22 -23 -24 -25 -26
leaf_value=-0.061263134047183247 0.054296021482347259 -0.0041230594363057685 -0.035779972772375421 -0.0010447116970792383 -0.032270659908004685 0.0019766682592371218 -0.029908006782518183 -0.002810186653335892 0.00053135778505307711 -0.033239385086130675 -0.0010447116970792383 -0.060460075467228862 -0.028761606134492503 -0.032270659908004685 0.05465180690980205 0.0022376759471114667 -0.060356039755200763 -0.060130080163962575 0.054364988555731998 0.054531933772130781 0.054717625434321605 0.054407917728502654 -0.061217517771882092 0.054323527777691873 -0.060431805772700631
leaf_weight=0.077308838255704115 0.11182834580540646 0.1476130224764346 0.11232942342758179 0.13854923285543919 0.074761809781193733 0.13014206290245056 0.12077157851308584 0.12752115912735462 0.12883918359875679 0.10052440967410803 0.14354934543371201 0.10670631099492311 0.1050352742895484 0.072173287160694599 0.13199927285313606 0.13065197318792343 0.058111488819122314 0.079057430848479271 0.14760169014334679 0.079170924611389637 0.18224980961531401 0.11211104039102793 0.075616743415594101 0.13132078759372234 0.083421424962580204
leaf_count=6 6 7 8 6 5 5 8 6 5 7 6 9 7 5 4 5 5 7 9 3 6 6 6 6 7
internal_value=-5.58084e-11 -0.024263 -0.0450315 -0.000885315 -0.0322252 0.000333636 -0.0305586 -0.00242306 -0.00104471 -0.0339828 -0.00149731 -0.0606478 -0.0293748 -0.0328138 0.0544847 0.00210743 -0.0603709 -0.0602644 0.0543739 0.0544191 0.05469 0.0543697 -0.0612406 0.0543109 -0.0604477
internal_weight=2.90897 2.01268 1.06582 0.946866 0.585596 0.528182 0.300569 0.418684 0.267388 0.285027 0.271071 0.480222 0.225807 0.172698 0.896282 0.260794 0.327297 0.137169 0.582033 0.338884 0.314249 0.259713 0.152926 0.243149 0.190128
internal_count=160 120 80 40 40 21 20 19 11 20 12 40 15 12 40 10 28 12 30 18 10 15 12 12 16
is_linear=0
shrinkage=0.05


Tree=29
num_leaves=24
num_cat=0
split_feature=0 2 2 3 1 4 3 5 5 0 0 6 0 4 6 1 1 1 0 3 5 3 0
split_gain=1.39255 0.36203 0.0805726 0.000625144 0.000891002 0.000611568 0.000470236 0.000374432 0.00021541 0.000129826 2.87215e-05 2.66515e-05 1.57759e-05 6.86293e-06 4.00137e-06 9.55992e-07 5.97854e-07 8.45418e-07 1.13744e-07 7.86244e-08 7.12952e-08 1.89979e-08 1.64187e-08
threshold=79.872879028320327 72.500000000000014 57.500000000000007 59.75464057922364 62.733404159545906 35.442211151123054 65.775196075439467 0.35441604256629949 0.35814735293388372 68.267368316650405 7.5852658748626718 1.9945488572120669 39.482965469360359 92.672641754150405 0.29941897094249731 9.4810085296630877 87.496990203857436 92.194244384765639 94.018100738525405 14.683542728424074 0.98412311077117931 14.683542728424074 93.355400085449233
decision_type=2 2 2 2 2 2 2 2 2 2 2 2 2 2 2 2 2 2 2 2 2 2 2
left_child=1 2 10 -3 6 8 -5 -7 -4 -6 21 -9 -10 16 19 -16 22 20 -15 -12 -18 -1 -2
right_child=13 3 5 4 9 7 -8 11 12 -11 14 -13 -14 18 15 -17 17 -19 -20 -21 -22 -23 -24
leaf_value=-0.06107178589815182 0.054092641832471193 -0.0036290023819831579 -0.035235327873558223 -0.0018351576508712731 0.0010028846802353851 -0.031799031495963762 0.00013495657217365303 -0.02947086928024268 -0.032743920366861003 0.0029860220737424961 -0.060366368358313216 -0.028345615026360384 -0.031799031495963762 0.054435590887431162 -0.060107838395450169 -0.059830205680285846 0.054161016549335944 0.054321163193905654 0.054499177933414883 -0.06029713296499483 0.054203737267373278 -0.061035038690703307 0.054119874056919474
leaf_weight=0.071140633895993455 0.1024514790624379 0.14501502551138401 0.10483679082244635 0.28962214663624763 0.18839158490300179 0.069966371171176434 0.12137448601424694 0.11250475980341434 0.094077298417687416 0.14686154015362263 0.11178086791187525 0.098860772326588631 0.067325434647500515 0.12123297527432442 0.06264222040772438 0.0613963408395648 0.13518433086574078 0.072721166536211967 0.16749363485723734 0.064762835390865803 0.10273210890591145 0.069564847275614738 0.12039013206958771
leaf_count=6 6 7 8 14 8 5 5 8 7 6 10 7 5 4 6 6 9 3 6 6 6 6 6
internal_value=-3.99698e-10 -0.0237357 -0.0445656 -0.000625055 -4.13129e-05 -0.031753 -0.00160171 -0.0301274 -0.0334706 0.00187162 -0.060464 -0.0289446 -0.0323244 0.0542761 -0.0601881 -0.0599704 0.0541698 0.0542147 0.0544725 -0.060341 0.0541673 -0.0610536 0.0541074
internal_weight=2.70233 1.88012 0.988859 0.891265 0.74625 0.547571 0.410997 0.281332 0.26624 0.335253 0.441288 0.211366 0.161403 0.822206 0.300582 0.124039 0.533479 0.310638 0.288727 0.176544 0.237916 0.140705 0.222842
internal_count=160 120 80 40 33 40 19 20 20 14 40 15 12 40 28 12 30 18 10 16 15 12 12
is_linear=0
shrinkage=0.05


Tree=30
num_leaves=26
num_cat=0
split_feature=0 2 2 3 5 1 6 4 6 0 1 5 0 5 0 4 6 1 1 1 0 5 3 0 3
split_gain=1.26269 0.335738 0.0761131 0.000585966 0.000553569 0.0003619 0.000349796 0.000408162 0.000219775 0.000138779 0.000136187 2.99788e-05 2.61201e-05 2.2111e-05 1.77033e-05 5.74537e-06 3.34146e-06 9.14602e-07 5.33672e-07 6.83274e-07 8.32683e-08 6.64575e-08 4.40477e-08 1.94884e-08 1.0839e-08
threshold=79.872879028320327 72.500000000000014 57.500000000000007 64.031455993652358 0.35814735293388372 62.733404159545906 2.1983588933944707 35.442211151123054 3.8469237089157109 39.482965469360359 63.544439315795906 0.37265501916408544 7.5852658748626718 0.66860106587409984 65.246723175048842 92.672641754150405 0.29941897094249731 9.4810085296630877 87.496990203857436 92.194244384765639 94.018100738525405 0.98412311077117931 14.683542728424074 93.355400085449233 14.683542728424074
decision_type=2 2 2 2 2 2 2 2 2 2 2 2 2 2 2 2 2 2 2 2 2 2 2 2 2
left_child=1 2 12 5 9 14 7 -6 10 -4 -5 -9 24 -7 -3 18 22 -18 23 21 -17 -20 -14 -2 -1
right_child=15 3 4 8 6 13 -8 11 -10 -11 -12 -13 16 -15 -16 20 17 -19 19 -21 -22 -23 -24 -25 -26
leaf_value=-0.06088359453269529 0.053899845625429633 -0.0032904625677855058 -0.034787135219214713 -0.00011924770269387941 -0.031841541297497049 -0.00078887783349221047 -0.027165715700942651 -0.030161574244896534 0.0029946077631599916 -0.03195709157906361 0.0016570025152776676 -0.02908096255379207 -0.060174493871830881 -0.00011924770269387941 -0.0024330919489997196 0.054234174804485918 -0.059941743854349409 -0.059658493791352518 0.05396951698721926 0.05412265326182885 0.05429090393050319 0.054013408572273575 -0.060120459073778491 0.053930820172460307 -0.060854674025583769
leaf_weight=0.065543412230909093 0.093946955166756996 0.093552622944116592 0.10072073806077242 0.11069629527628422 0.11314142681658268 0.127341004088521 0.077456969767808914 0.066009305417537689 0.11603460647165775 0.076010092161595821 0.11619168519973755 0.079369988292455673 0.1028587706387043 0.10643864423036575 0.16892406903207302 0.11152657493948936 0.057576361112296581 0.056431776843965054 0.12395389564335346 0.066827660426497459 0.15401381626725197 0.094259324483573437 0.05955059640109539 0.11052306368947029 0.064065008424222469
leaf_count=6 6 5 8 5 9 6 6 5 5 6 5 6 10 5 9 4 6 6 9 3 6 6 6 6 6
internal_value=1.3753e-10 -0.0232281 -0.0441117 -0.000364795 -0.0313047 -0.0014631 -0.0301131 -0.0309962 0.00122461 -0.03357 0.000319397 -0.029081 -0.0602836 -0.000119248 -0.00273868 0.0540798 -0.060009 -0.0598015 0.0539782 0.0540224 0.0542671 0.0539779 -0.0601547 0.0539166 -0.0608693
internal_weight=2.51296 1.75791 0.918734 0.839179 0.512709 0.496256 0.335978 0.258521 0.342923 0.176731 0.226888 0.145379 0.406026 0.23378 0.262477 0.755051 0.276418 0.114008 0.489511 0.285041 0.26554 0.218213 0.162409 0.20447 0.129608
internal_count=160 120 80 40 40 25 26 20 15 14 10 11 40 11 14 40 28 12 30 18 10 15 16 12 12
is_linear=0
shrinkage=0.05


Tree=31
num_leaves=26
num_cat=0
split_feature=0 2 2 4 3 0 0 5 6 5 1 4 0 0 0 4 6 1 1 1 1 5 3 0 3
split_gain=1.14658 0.311912 0.0718714 0.000544448 0.000497059 0.000344874 0.000325526 0.000229207 0.000179481 0.00017408 0.000127285 0.000121216 0.000117379 2.35984e-05 1.19008e-05 4.91798e-06 2.8425e-06 7.89023e-07 4.8024e-07 5.7693e-07 7.40492e-08 6.17377e-08 3.27352e-08 1.28889e-08 8.58089e-10
threshold=79.872879028320327 72.500000000000014 57.500000000000007 35.442211151123054 64.031455993652358 39.482965469360359 69.055473327636733 0.36679254472255712 3.8469237089157109 0.35814735293388372 63.16017150878907 64.341842651367202 65.246723175048842 7.5852658748626718 39.482965469360359 92.672641754150405 0.29941897094249731 9.4810085296630877 87.496990203857436 92.194244384765639 88.568027496337905 0.98412311077117931 14.683542728424074 93.355400085449233 14.683542728424074
decision_type=2 2 2 2 2 2 2 2 2 2 2 2 2 2 2 2 2 2 2 2 2 2 2 2 2
left_child=1 2 13 9 6 7 10 -5 11 -4 12 -6 -3 24 -11 18 22 -18 23 21 -17 -20 -15 -2 -1
right_child=15 4 3 5 8 -7 -8 -9 -10 14 -12 -13 -14 16 -16 20 17 -19 19 -21 -22 -23 -24 -25 -26
leaf_value=-0.060690005491994416 0.05372133293953088 -0.0039594702547656275 -0.034309306708963129 -0.030929802748586047 0.00013619563227497473 -0.026958778984979337 0.00013619563227497473 -0.028864768915987535 0.0030584424822189069 -0.031902002300988157 -0.00092602565406575883 0.0018135689720504005 -0.0018449937858699185 -0.059991945909102652 -0.030972661846909218 0.054043285551062706 -0.059770467282200125 -0.05949621973936034 0.053787938636718186 0.053935885219419791 0.05409892302287176 0.053832625811337423 -0.05994340629308758 0.053747621507973055 -0.060681533389291588
leaf_weight=0.060471575707197411 0.086254527792334446 0.10541989095509052 0.091796963475644588 0.085478063672780991 0.10512866638600826 0.098870154470205307 0.11849815212190151 0.062898207455873489 0.10941729880869389 0.08253882359713316 0.13796224072575569 0.10874202661216259 0.10522095300257206 0.094772045500576496 0.059124446474015713 0.10425886325538158 0.05297593679279089 0.051941181533038616 0.11373658198863268 0.06146661564707756 0.14025332685559988 0.086597143672406673 0.054830226115882397 0.10148258879780769 0.059094366617500782
leaf_count=6 6 6 8 7 5 8 6 5 5 7 7 5 6 10 5 4 6 6 9 3 6 6 6 6 6
internal_value=7.0684e-11 -0.0227365 -0.0436713 -0.0308815 -9.58225e-05 -0.0292464 -0.00113896 -0.0307708 0.00141135 -0.0326132 -0.00198825 0.000568695 -0.00276396 -0.0601064 -0.0315141 0.0538947 -0.0598342 -0.0596347 0.0537966 0.0538403 0.0540752 0.0537976 -0.0599742 0.0537355 -0.0606858
internal_weight=2.33923 1.64518 0.854792 0.480707 0.790389 0.247246 0.467101 0.148376 0.323288 0.23346 0.348603 0.213871 0.210641 0.374085 0.141663 0.69405 0.254519 0.104917 0.449537 0.2618 0.244512 0.200334 0.149602 0.187737 0.119566
internal_count=160 120 80 40 40 20 25 12 15 20 19 10 12 40 12 40 28 12 30 18 10 15 16 12 12
is_linear=0
shrinkage=0.05


Tree=32
num_leaves=24
num_cat=0
split_feature=0 5 2 3 1 4 0 3 6 5 0 0 0 4 6 1 1 1 1 5 3 0 3
split_gain=1.04261 0.290274 0.064303 0.00251093 0.000735791 0.000704236 0.000580431 0.000407172 0.000314926 0.000193033 8.81778e-05 7.86261e-05 2.14842e-05 4.1937e-06 2.40058e-06 7.95648e-07 4.18263e-07 4.6995e-07 6.4305e-08 5.27401e-08 1.39766e-08 7.67684e-09 4.64381e-10
threshold=79.872879028320327 0.39846606552600866 57.500000000000007 58.963388442993171 62.733404159545906 34.904014587402351 39.482965469360359 65.775196075439467 3.8469237089157109 0.364504024386406 68.267368316650405 40.505910873413093 7.5852658748626718 92.672641754150405 0.29941897094249731 9.4810085296630877 87.496990203857436 92.194244384765639 88.568027496337905 0.98412311077117931 14.683542728424074 93.355400085449233 14.683542728424074
decision_type=2 2 2 2 2 2 2 2 2 2 2 2 2 2 2 2 2 2 2 2 2 2 2
left_child=1 2 12 -3 7 11 9 8 -5 -7 -6 -4 22 16 20 -16 21 19 -15 -18 -14 -2 -1
right_child=13 3 5 4 10 6 -8 -9 -10 -11 -12 -13 14 18 15 -17 17 -19 -20 -21 -22 -23 -24
leaf_value=-0.060511185278666973 0.053554338242445682 -0.0081292362915782752 -0.034098832406410824 -0.0036226666203795933 0.0017720141208495809 -0.031318998859992467 -0.026109588548349102 0.00087857394189929663 -0.00047137544151470929 -0.029144502424773955 0.0035574793328335855 -0.031812806718785183 -0.059808268498056386 0.053862331480226212 -0.059613249028509431 -0.059326351899573741 0.053616774451887374 0.053759238327536929 0.053916335982476651 0.053660699546491768 -0.059775240330177219 0.053575498010891079 -0.060504700711216913
leaf_weight=0.055876172147691472 0.07930705603212107 0.093844049610197544 0.11981192510575056 0.13266153074800968 0.1577767338603735 0.057028074748814106 0.092923845164477825 0.10160556435585022 0.15822400152683258 0.10415076278150082 0.12310555018484592 0.054825335741043091 0.087422054726630449 0.096114199608564377 0.048823551274836063 0.0478510782122612 0.10448253713548183 0.0565753523260355 0.12924420088529587 0.079587015323340893 0.050553702283650637 0.093284035101532936 0.054575665853917599
leaf_count=6 6 6 11 8 8 5 8 5 9 9 6 5 10 4 6 6 9 3 6 6 6 6 6
internal_value=-8.04071e-11 -0.0222608 -0.0438679 -0.000467046 0.000600788 -0.0309368 -0.0292568 -0.000797403 -0.00182132 -0.0310713 0.00255455 -0.0333812 -0.059933 0.0537198 -0.0596623 -0.0594712 0.0536252 0.0536678 0.0538933 0.0536276 -0.0597962 0.0535658 -0.060508
internal_weight=2.17965 1.54106 0.773842 0.767217 0.673373 0.42874 0.254103 0.392491 0.290886 0.161179 0.280882 0.174637 0.345102 0.638594 0.23465 0.0966746 0.413236 0.240645 0.225358 0.18407 0.137976 0.172591 0.110452
internal_count=160 120 78 42 36 38 22 22 17 14 14 16 40 40 28 12 30 18 10 15 16 12 12
is_linear=0
shrinkage=0.05


Tree=33
num_leaves=26
num_cat=0
split_feature=0 2 2 4 3 1 5 6 6 1 4 6 0 0 0 4 6 1 1 1 3 0 5 3 0
split_gain=0.949205 0.271555 0.0636233 0.000429711 0.000367002 0.000286022 0.000269319 0.000165656 0.000158904 0.000101649 4.93976e-05 2.33126e-05 1.99232e-05 8.70948e-06 6.05679e-06 3.50471e-06 2.00627e-06 1.00936e-06 3.67255e-07 3.83647e-07 9.82346e-08 4.66286e-08 4.40175e-08 1.04322e-08 1.02751e-08
threshold=79.872879028320327 72.500000000000014 57.500000000000007 35.442211151123054 64.031455993652358 62.733404159545906 0.35441604256629949 2.1983588933944707 3.8469237089157109 63.544439315795906 34.139917373657234 1.9945488572120669 7.5852658748626718 65.246723175048842 67.686664581298842 92.672641754150405 0.29941897094249731 9.4810085296630877 87.496990203857436 92.194244384765639 14.683542728424074 94.018100738525405 0.98412311077117931 14.683542728424074 93.355400085449233
decision_type=2 2 2 2 2 2 2 2 2 2 2 2 2 2 2 2 2 2 2 2 2 2 2 2 2
left_child=1 2 12 7 5 13 -5 10 9 -6 -4 -8 23 -3 -7 18 20 -18 24 22 -14 -17 -20 -1 -2
right_child=15 4 3 6 8 14 11 -9 -10 -11 -12 -13 16 -15 -16 21 17 -19 19 -21 -22 -23 -24 -25 -26
leaf_value=-0.060339155216014101 0.053390325085047464 -0.0021226928116234809 -0.033983939194213775 -0.030234050565584959 0.00071602637807741565 0.00016537526338448159 -0.028059842867554065 -0.030234050565584959 0.0035198783797343856 0.0022785252471915225 -0.03207467398599953 -0.026866500169357641 -0.059636863558441847 -0.0014637061373908972 0.00071602637807741565 0.053689655662227137 -0.059448905808043677 -0.059124018448505934 0.053453945389565563 0.05358983736496184 -0.059545673135863224 0.053737648233904124 0.053496777790659228 -0.060307191227720859 0.053415849284708307
leaf_weight=0.051710880361497624 0.072920310776680597 0.077870483510196209 0.050391765311360359 0.054331984370946884 0.092660993337631226 0.08638534601777792 0.087475510314106941 0.051953971385955811 0.097478350624442101 0.097555974498391151 0.10337536595761776 0.076908164657652378 0.080793140456080437 0.14079415146261454 0.10916182771325111 0.087201232090592384 0.045067280065268278 0.044105452951043844 0.096124260686337948 0.0521068274974823 0.04654783708974719 0.12061508884653449 0.073279442731291056 0.050412639044225216 0.085851097479462624
leaf_count=6 6 5 5 5 5 5 8 5 5 5 10 7 10 9 6 4 6 6 9 3 6 6 6 6 6
internal_value=-5.38607e-10 -0.0217955 -0.0428619 -0.0301853 0.000506517 -0.000446322 -0.0286424 -0.0318257 0.00187837 0.00103717 -0.0327004 -0.0275015 -0.0597477 -0.00169838 0.000716026 0.0535524 -0.0594762 -0.0592943 0.0534622 0.0535038 -0.0596035 0.0537175 0.0534659 -0.0603234 0.0534041
internal_weight=2.03308 1.44498 0.743074 0.424437 0.701907 0.414212 0.218716 0.205721 0.287695 0.190217 0.153767 0.164384 0.318637 0.218665 0.195547 0.588098 0.216514 0.0891727 0.380282 0.221511 0.127341 0.207816 0.169404 0.102124 0.158771
internal_count=160 120 80 40 40 25 20 20 15 10 15 15 40 14 11 40 28 12 30 18 16 10 15 12 12
is_linear=0
shrinkage=0.05


Tree=34
num_leaves=26
num_cat=0
split_feature=0 2 2 5 3 6 4 1 6 1 0 5 0 0 0 4 6 1 1 1 3 0 5 0 3
split_gain=0.865897 0.252798 0.0601533 0.000400917 0.000316175 0.000274408 0.000285992 0.000249039 0.000130679 9.10801e-05 9.06253e-05 2.29663e-05 1.80221e-05 7.42813e-06 5.32497e-06 2.99878e-06 1.76632e-06 9.47444e-07 3.28039e-07 3.23703e-07 7.19127e-08 3.8652e-08 3.8518e-08 6.53068e-09 1.42964e-09
threshold=79.872879028320327 72.500000000000014 57.500000000000007 0.35814735293388372 64.031455993652358 2.1983588933944707 35.442211151123054 62.733404159545906 3.8469237089157109 63.544439315795906 39.482965469360359 0.37265501916408544 7.5852658748626718 65.246723175048842 67.686664581298842 92.672641754150405 0.29941897094249731 9.4810085296630877 87.496990203857436 92.194244384765639 14.683542728424074 94.018100738525405 0.98412311077117931 93.355400085449233 14.683542728424074
decision_type=2 2 2 2 2 2 2 2 2 2 2 2 2 2 2 2 2 2 2 2 2 2 2 2 2
left_child=1 2 12 10 7 6 -5 13 9 -6 -4 -8 24 -3 -9 18 20 -18 23 22 -14 -17 -20 -2 -1
right_child=15 4 3 5 8 -7 11 14 -10 -11 -12 -13 16 -15 -16 21 17 -19 19 -21 -22 -23 -24 -25 -26
leaf_value=-0.060156638627348082 0.053241722122378578 -0.0017691824488040263 -0.033102445101149493 -0.030318073325521944 0.00095056840436626242 -0.025695469242113772 -0.028672568533828671 0.00041362817100046588 0.0035937737799792736 0.0024349606119535129 -0.030510346813984891 -0.027616468293822884 -0.059466788359928718 -0.0011419788070523118 0.00095056840436626242 0.053529830680280513 -0.059286193777153301 -0.058963347710236105 0.053302238711595742 0.053433279042033634 -0.059385639872061857 0.053575299172685088 0.05334472509979768 0.05326292299851202 -0.060144341199321029
leaf_weight=0.047882017679512279 0.067181549966335408 0.073305251076817513 0.078234982676804066 0.087821604683995247 0.087389273568987846 0.060416650027036667 0.051498153246939182 0.081421877257525921 0.091999026015400887 0.092087619006633759 0.059262596070766449 0.062088269740343094 0.074711460620164871 0.13259249553084373 0.10291651170700788 0.080528624355792999 0.041619837749749422 0.040724229998886585 0.088507488369941711 0.048084732610732317 0.043023035861551762 0.11139675416052341 0.067510961554944515 0.079081577714532614 0.046670009847730398
leaf_count=6 6 5 8 9 5 6 5 5 5 5 6 6 10 9 6 4 6 6 9 3 6 6 6 6 6
internal_value=6.30623e-11 -0.02136 -0.0424438 -0.029799 0.000751175 -0.0286509 -0.0295375 -0.000160419 0.00206156 0.00127615 -0.0319852 -0.0276165 -0.0595817 -0.00136528 0.000950568 0.0533974 -0.0593129 -0.0591353 0.0533103 0.0533513 -0.0594371 0.0535562 0.053315 0.0532532 -0.0601506
internal_weight=1.89796 1.35566 0.693953 0.399322 0.661712 0.261825 0.201408 0.390236 0.271476 0.179477 0.137498 0.113586 0.294631 0.205898 0.184338 0.542292 0.200079 0.0823441 0.350366 0.204103 0.117734 0.191925 0.156018 0.146263 0.094552
internal_count=160 120 80 40 40 26 20 25 15 10 14 11 40 14 11 40 28 12 30 18 16 10 15 12 12
is_linear=0
shrinkage=0.05


Tree=35
num_leaves=25
num_cat=0
split_feature=0 2 2 4 3 1 5 6 5 6 1 6 0 0 4 4 6 1 1 1 3 5 0 0
split_gain=0.791052 0.235666 0.056816 0.000376468 0.000285475 0.000341269 0.00022246 0.00015878 0.000128687 0.000104057 9.4255e-05 1.80235e-05 1.6263e-05 1.14149e-05 2.55759e-06 1.80413e-06 1.50478e-06 8.25437e-07 2.91833e-07 2.73672e-07 5.5275e-08 3.29236e-08 3.19266e-08 3.93568e-09
threshold=79.872879028320327 72.500000000000014 57.500000000000007 35.442211151123054 62.27971267700196 62.733404159545906 0.35441604256629949 3.776604533195496 0.35814735293388372 3.8469237089157109 62.733404159545906 1.9945488572120669 7.5852658748626718 39.482965469360359 92.672641754150405 64.19608306884767 0.29941897094249731 9.4810085296630877 87.496990203857436 92.194244384765639 14.683542728424074 0.98412311077117931 94.018100738525405 93.355400085449233
decision_type=2 2 2 2 2 2 2 2 2 2 2 2 2 2 2 2 2 2 2 2 2 2 2 2
left_child=1 2 12 8 7 9 -5 -3 -4 -6 -9 -8 -1 -10 18 -7 20 -18 23 21 -14 -20 -16 -2
right_child=14 4 3 6 5 15 11 10 13 -11 -12 -13 16 -15 22 -17 17 -19 19 -21 -22 -23 -24 -25
leaf_value=-0.059976697979390141 0.053101246816057129 -0.0018483083177815954 -0.032725525125687875 -0.02949103334593018 0.00086579961317293755 0.0033986464702260217 -0.027339503408109603 -0.00058767222002571002 -0.030437457356356307 0.0022130683015487416 0.00086579961317293755 -0.026225580246106075 -0.059296057773350057 -0.02949103334593018 0.053377971837294473 0.0037211692730513969 -0.059124176267473662 -0.058812358142915744 0.05315869303634764 0.053284786073626217 -0.059222097642185667 0.053200359654646159 0.053420949247136085 0.053118386238021821
leaf_weight=0.087629255373030679 0.061947316862642876 0.096190596930682659 0.071574562229216099 0.048133820295333862 0.075656133703887463 0.086489340290427208 0.077585576102137566 0.083373401314020157 0.064409245736896992 0.10077523067593575 0.094620983116328716 0.06826411560177803 0.069157805293798447 0.046178432181477547 0.074446268379688263 0.086950866505503654 0.038472164422273636 0.037654598709195852 0.081573993898928165 0.044409933499991894 0.039801025297492743 0.062276747543364763 0.10299974074587226 0.072921932674944401
leaf_count=12 6 7 8 5 5 5 8 6 7 6 6 7 10 5 4 5 6 6 9 3 6 6 6 6
internal_value=-2.55183e-10 -0.0209408 -0.0420394 -0.0294413 0.000996463 0.00194316 -0.0279084 -0.000211558 -0.0310736 0.0008658 0.000672964 -0.0268181 -0.0594156 -0.0300045 0.0532504 0.00356034 -0.0591499 -0.0589793 0.0531667 0.0532069 -0.059269 0.0531721 0.0534029 0.0531105
internal_weight=1.77349 1.27292 0.648861 0.376146 0.624057 0.349872 0.193984 0.274185 0.182162 0.176431 0.177994 0.14585 0.272715 0.110588 0.500576 0.17344 0.185086 0.0761268 0.32313 0.188261 0.108959 0.143851 0.177446 0.134869
internal_count=160 120 80 40 40 21 20 19 20 11 12 15 40 12 40 10 28 12 30 18 16 15 10 12
is_linear=0
shrinkage=0.05


Tree=36
num_leaves=25
num_cat=0
split_feature=0 2 2 4 3 0 1 5 6 6 1 4 0 0 0 4 6 1 1 1 3 0 5 0
split_gain=0.72388 0.219651 0.0536944 0.000333917 0.000242343 0.000208139 0.000197605 0.000158008 0.000119458 0.000107526 7.29447e-05 4.11089e-05 1.47987e-05 8.47631e-06 2.6113e-06 2.15604e-06 1.25525e-06 7.81178e-07 2.57611e-07 2.30126e-07 3.11949e-08 2.91255e-08 2.78261e-08 2.91204e-09
threshold=79.872879028320327 72.500000000000014 57.500000000000007 35.442211151123054 64.031455993652358 39.482965469360359 62.733404159545906 0.36679254472255712 2.1983588933944707 3.8469237089157109 63.544439315795906 34.139917373657234 7.5852658748626718 65.246723175048842 67.686664581298842 92.672641754150405 0.29941897094249731 9.4810085296630877 87.496990203857436 92.194244384765639 14.683542728424074 94.018100738525405 0.98412311077117931 93.355400085449233
decision_type=2 2 2 2 2 2 2 2 2 2 2 2 2 2 2 2 2 2 2 2 2 2 2 2
left_child=1 2 12 8 6 7 13 -5 11 10 -6 -4 -1 -3 -8 18 20 -18 23 22 -14 -17 -20 -2
right_child=15 4 3 5 9 -7 14 -9 -10 -11 -12 -13 16 -15 -16 21 17 -19 19 -21 -22 -23 -24 -25
leaf_value=-0.059808436449635127 0.052968751750551928 -0.0012272572034121975 -0.032765646420033503 -0.02913969180860276 0.0014033920133074791 -0.025542126973219281 0.00093237909007994339 -0.027262638082519455 -0.02913969180860276 0.003905826587652558 0.0027925810557754851 -0.030857221414094152 -0.059123479130047486 -0.00051601419480469481 0.0014033920133074791 0.053232746218581886 -0.058964875060987201 -0.058657781590724038 0.053024154473529331 0.053144729857137731 -0.059065747790089863 0.053275417468847355 0.053064771273829109 0.052984094374549151
leaf_weight=0.08130646403878905 0.057191744446754567 0.065031617879867554 0.041945726610720158 0.06309284083545208 0.077768522314727306 0.073317088186740875 0.072409569285809994 0.046605644747614861 0.043459522537887096 0.082047175616025925 0.082153724506497383 0.086220797151327133 0.064060616306960583 0.11771782115101814 0.091600924730300903 0.068879231810569763 0.035606943536549807 0.034833682235330343 0.07527629379183054 0.041081211064010859 0.036864516325294971 0.095342005137354136 0.057493458036333323 0.067343977745622396
leaf_count=12 6 5 5 7 5 8 5 5 5 5 5 10 10 9 6 4 6 6 9 3 6 6 6 6
internal_value=1.99566e-10 -0.0205428 -0.0416395 -0.0290904 0.0012199 -0.0276047 0.000372488 -0.0289831 -0.0306747 0.0024343 0.00167934 -0.0314818 -0.0592529 -0.000769111 0.00140339 0.053112 -0.0589893 -0.0588274 0.0530319 0.0530713 -0.0591024 0.0532575 0.053038 0.052977
internal_weight=1.65865 1.19604 0.607314 0.354642 0.588729 0.183016 0.34676 0.109698 0.171626 0.241969 0.159922 0.128167 0.252672 0.182749 0.16401 0.462608 0.171366 0.0704406 0.298387 0.173851 0.100925 0.164221 0.13277 0.124536
internal_count=160 120 80 40 40 20 25 12 20 15 10 15 40 14 11 40 28 12 30 18 16 10 15 12
is_linear=0
shrinkage=0.05


Tree=37
num_leaves=25
num_cat=0
split_feature=0 2 2 5 0 3 1 4 6 6 6 1 0 5 4 4 6 1 1 1 0 5 3 0
split_gain=0.663077 0.205116 0.0507489 0.000322173 0.000437653 0.000214289 0.000287411 0.000159599 0.000134418 7.77573e-05 7.45093e-05 7.22867e-05 1.33362e-05 9.01295e-06 1.93425e-06 1.84249e-06 1.12247e-06 7.49667e-07 2.2895e-07 1.93844e-07 2.41244e-08 2.41056e-08 2.02824e-08 1.63788e-09
threshold=79.872879028320327 72.500000000000014 57.500000000000007 0.364504024386406 40.014465332031257 62.27971267700196 62.733404159545906 35.818746566772468 3.776604533195496 2.1983588933944707 3.8469237089157109 62.733404159545906 7.5852658748626718 0.35441604256629949 64.19608306884767 92.672641754150405 0.29941897094249731 9.4810085296630877 87.496990203857436 92.194244384765639 94.018100738525405 0.98412311077117931 14.683542728424074 93.355400085449233
decision_type=2 2 2 2 2 2 2 2 2 2 2 2 2 2 2 2 2 2 2 2 2 2 2 2
left_child=1 2 12 9 7 8 10 -5 -3 13 -7 -10 -1 -4 -8 18 22 -18 23 21 -17 -20 -14 -2
right_child=15 5 3 4 -6 6 14 -9 11 -11 -12 -13 16 -15 -16 20 17 -19 19 -21 -22 -23 -24 -25
leaf_value=-0.059640106465603193 0.052842257211905497 -0.0012522029464219098 -0.031915286953417978 -0.029017606810261488 -0.024223693662392652 0.0013364857023487617 0.0037313738296184578 -0.026620650236327072 -2.1476417785674419e-05 -0.029017606810261488 0.0026225684764145151 0.0013364857023487617 -0.05896166033527498 -0.030910757539120939 0.0040849149845955902 0.05309590620704685 -0.058808936203192587 -0.058500720598455985 0.05289492616163663 0.0530109517882347 0.053136261042029488 0.052935043635497683 -0.058913322760925937 0.052854227419538005
leaf_weight=0.075519584584980981 0.052849092055112235 0.085367158055305481 0.049648460000753403 0.057045914232730865 0.068619291298091412 0.067251200787723064 0.077154320664703846 0.069482374936342239 0.074080510064959526 0.049364246428012848 0.089867143891751766 0.084261368960142136 0.059430972672998905 0.040581241250038147 0.077598032541573048 0.063782397657632828 0.032993043307214975 0.032261297572404146 0.069523580837994814 0.038020959589630365 0.08831135556101799 0.053129227366298437 0.034183888230472803 0.062223363202065229
leaf_count=12 6 7 6 7 8 5 5 8 6 6 6 6 10 5 5 4 6 6 9 3 6 6 6 6
internal_value=-1.15052e-10 -0.0201535 -0.0412503 -0.0287566 -0.0274446 0.00145788 0.00232593 -0.0290176 0.000347045 -0.0305906 0.00133649 0.00120925 -0.0590931 -0.0314635 0.00390865 0.0529796 -0.058833 -0.0586739 0.0529026 0.0529411 0.0531193 0.0529093 -0.058944 0.0528487
internal_weight=1.55255 1.12471 0.56913 0.334742 0.195148 0.55558 0.311871 0.126528 0.243709 0.139594 0.157118 0.158342 0.234389 0.0902297 0.154752 0.42784 0.158869 0.0652543 0.275746 0.160674 0.152094 0.122653 0.0936149 0.115072
internal_count=160 120 80 40 23 40 21 15 19 17 11 12 40 11 10 40 28 12 30 18 10 15 16 12
is_linear=0
shrinkage=0.05


Tree=38
num_leaves=23
num_cat=0
split_feature=0 2 2 4 3 1 5 3 5 0 6 0 0 4 6 1 1 5 1 0 3 0
split_gain=0.608432 0.191766 0.0478459 0.000278528 0.00018848 0.000384046 0.000172409 0.000147725 0.000106786 5.74881e-05 1.63508e-05 1.20231e-05 6.86158e-06 1.55331e-06 9.11614e-07 6.45047e-07 2.86936e-07 1.86029e-07 2.41334e-07 2.16763e-08 1.95947e-08 1.89806e-08
threshold=79.872879028320327 72.500000000000014 57.500000000000007 35.442211151123054 59.75464057922364 62.733404159545906 0.35441604256629949 65.775196075439467 0.35814735293388372 68.267368316650405 1.9945488572120669 7.5852658748626718 39.482965469360359 92.672641754150405 0.29941897094249731 9.4810085296630877 92.194244384765639 0.98412311077117931 85.86542129516603 94.018100738525405 14.683542728424074 94.018100738525405
decision_type=2 2 2 2 2 2 2 2 2 2 2 2 2 2 2 2 2 2 2 2 2 2
left_child=1 2 11 8 -3 7 -5 -6 -4 -7 -8 -1 -10 16 20 -16 17 18 -2 -15 -13 -20
right_child=13 4 3 6 5 9 10 -9 12 -11 -12 14 -14 19 15 -17 -18 -19 21 -21 -22 -23
leaf_value=-0.059467913727668312 0.052611211710771245 -0.00047473263757423007 -0.031643043625830695 -0.028515823856503333 0.00081360332801032212 0.0029769151192635492 -0.026519180845405305 0.0022712792094899395 -0.029305059522065854 0.0046898847857597898 -0.025363092329273442 -0.058794591332829139 -0.028515823856503333 0.052964589946316379 -0.058650190170502707 -0.058356551455120656 0.052884279848594173 0.052821704120505068 0.05274491113565534 0.053004316182418576 -0.058745265169246254 0.052775661845571455
leaf_weight=0.070191152859478967 0.033747184555977694 0.084623844362795353 0.060071509797126055 0.040537066757678986 0.16919105406850576 0.11156493704766035 0.065349452197551727 0.07186079490929842 0.054064277559518814 0.087312622927129269 0.057489896193146706 0.055163862183690071 0.038791685830801725 0.059117931872606277 0.030586184002459049 0.029912600759416819 0.035237276460975409 0.063514311332255602 0.073689340148121119 0.081918722484260798 0.031705561559647322 0.048961937427520752
leaf_count=12 5 7 8 5 14 8 8 5 7 6 7 10 5 4 6 6 3 7 9 6 6 6
internal_value=-3.67649e-11 -0.0197845 -0.0408808 -0.0284668 0.00168626 0.00210194 -0.0270313 0.000813603 -0.0300004 0.00372896 -0.0259781 -0.0589293 -0.0289376 0.0528545 -0.0586728 -0.0585238 0.0527809 0.0527591 0.0527296 0.0529877 -0.0587766 0.0527622
internal_weight=1.4546 1.05842 0.533863 0.316304 0.524553 0.439929 0.163376 0.241052 0.152927 0.198878 0.122839 0.217559 0.092856 0.396187 0.147368 0.0604988 0.25515 0.219913 0.156398 0.141037 0.0868694 0.122651
internal_count=160 120 80 40 40 33 20 19 20 14 15 40 12 40 28 12 30 27 20 10 16 15
is_linear=0
shrinkage=0.05


Tree=39
num_leaves=24
num_cat=0
split_feature=0 2 2 5 4 3 5 1 6 4 0 0 0 0 4 6 1 1 5 1 0 0 3
split_gain=0.558924 0.179277 0.0452145 0.000251674 0.000414534 0.00017937 0.000155269 0.000140995 9.64855e-05 5.93552e-05 5.60973e-05 1.09414e-05 8.74158e-06 2.3066e-06 1.30015e-06 7.55152e-07 6.05886e-07 2.38627e-07 1.60441e-07 2.10194e-07 1.69201e-08 1.64106e-08 8.67276e-09
threshold=79.872879028320327 72.500000000000014 57.500000000000007 0.39036472141742712 35.442211151123054 64.031455993652358 0.35441604256629949 62.733404159545906 3.8469237089157109 64.341842651367202 40.505910873413093 7.5852658748626718 65.246723175048842 67.686664581298842 92.672641754150405 0.29941897094249731 9.4810085296630877 92.194244384765639 0.98412311077117931 85.86542129516603 94.018100738525405 94.018100738525405 14.683542728424074
decision_type=2 2 2 2 2 2 2 2 2 2 2 2 2 2 2 2 2 2 2 2 2 2 2
left_child=1 2 11 4 10 7 -6 12 9 -7 -4 -1 -3 -9 17 22 -17 18 19 -2 -16 -21 -13
right_child=14 5 3 -5 6 8 -8 13 -10 -11 -12 15 -14 -15 20 16 -18 -19 -20 21 -22 -23 -24
leaf_value=-0.059305465954113269 0.052501139650482823 -0.00045268581775131451 -0.031527748965260984 -0.024339915163418754 -0.028839655413987815 0.0020742853535919877 -0.026526421019961589 0.0016413637213870931 0.004556983376626079 0.0034092123065242899 -0.029182183895709108 -0.058629295980668565 0.00033614871851871619 0.0020742853535919877 0.052840516293552735 -0.058497493011865576 -0.058208724713904252 0.052763450462317542 0.052704025358675383 0.052630768887897666 0.052876950995248612 0.05266004674058429 -0.058595247876831694
leaf_weight=0.065309330821037292 0.03120887465775013 0.054503606632351875 0.086247738916426897 0.037637421395629644 0.038372140843421221 0.066140306182205677 0.10067275678738952 0.060867774300277233 0.069303984753787518 0.068691746331751347 0.036185972392559052 0.051262522581964731 0.098754266276955605 0.077111346647143364 0.054872486740350723 0.028397295624017715 0.027763289399445057 0.032671560067683458 0.058840706013143063 0.068240541033446789 0.075996536761522293 0.045346967875957489 0.029446492437273264
leaf_count=12 5 5 12 5 5 5 13 5 5 5 5 10 9 6 4 6 6 3 7 9 6 6 6
internal_value=-7.06205e-11 -0.0194279 -0.0405082 -0.0281627 -0.0287129 0.00190435 -0.0268448 0.0011078 0.00304078 0.00226144 -0.0308345 -0.058773 5.56129e-05 0.00207429 0.0527352 -0.0585189 -0.0583781 0.0526652 0.0526446 0.0526161 0.0528617 0.0526476 -0.0586169
internal_weight=1.36385 0.996668 0.501295 0.299116 0.261479 0.495373 0.139045 0.291237 0.204136 0.134832 0.122434 0.202179 0.153258 0.137979 0.367178 0.13687 0.0561606 0.236309 0.203637 0.144796 0.130869 0.113588 0.080709
internal_count=160 120 80 40 35 40 18 25 15 10 17 40 14 11 40 28 12 30 27 20 10 15 16
is_linear=0
shrinkage=0.05


Tree=40
num_leaves=26
num_cat=0
split_feature=0 2 2 5 6 4 3 1 6 0 1 5 0 0 0 4 1 0 1 5 1 1 6 0 0
split_gain=0.513902 0.167754 0.0427901 0.000233447 0.000178888 0.000165719 0.000155299 0.000126368 8.28174e-05 6.20058e-05 5.22306e-05 1.96e-05 9.93553e-06 7.65091e-06 1.48249e-06 1.10643e-06 6.39219e-07 4.18914e-07 2.01364e-07 1.38481e-07 1.79898e-07 4.43891e-08 4.66807e-08 1.60192e-08 1.39251e-08
threshold=79.872879028320327 72.500000000000014 57.500000000000007 0.35814735293388372 2.1983588933944707 35.442211151123054 64.031455993652358 62.733404159545906 3.8469237089157109 39.482965469360359 63.544439315795906 0.37265501916408544 7.5852658748626718 65.246723175048842 67.686664581298842 92.672641754150405 11.796430587768556 11.570649147033693 92.194244384765639 0.98412311077117931 85.86542129516603 8.8395819664001483 0.29941897094249731 94.018100738525405 94.018100738525405
decision_type=2 2 2 2 2 2 2 2 2 2 2 2 2 2 2 2 2 2 2 2 2 2 2 2 2
left_child=1 2 12 9 5 -5 7 13 10 -4 -8 -7 -1 -3 -9 18 21 -18 19 20 -2 -14 -23 -17 -22
right_child=15 6 3 4 -6 11 8 14 -10 -11 -12 -13 16 -15 -16 23 17 -19 -20 -21 24 22 -24 -25 -26
leaf_value=-0.059147262996777916 0.052396320198862992 -0.00015378116465928824 -0.030938769712245903 -0.028327698413011339 -0.023985732500146122 -0.026987814287835893 0.0022884781341637366 0.0018777184689432265 0.0046579607264357371 -0.028390759699057688 0.003564383686141025 -0.02582627911163243 -0.058500355709958686 0.00060604229398907798 0.0022884781341637366 0.052720870779857779 -0.05833752605923348 -0.058065536265044453 0.05264817400120423 0.052591303352744527 0.052521050331812126 -0.058462566626886842 -0.058370301246976466 0.052757661385006906 0.05254908143632582
leaf_weight=0.060845959465950727 0.028881823178380728 0.051405313424766064 0.05532700102776289 0.062068689148873091 0.042922303080558777 0.03662875946611166 0.061836408451199532 0.057494452223181725 0.065543851815164089 0.042002933099865913 0.065591701306402683 0.044132733251899481 0.031899588648229837 0.093192952685058117 0.072854965925216675 0.050941999070346355 0.023099975194782019 0.022580530494451523 0.030301210004836321 0.054555119480937719 0.063239400740712881 0.027646921575069427 0.022044371347874403 0.070581246167421341 0.042012020479887724
leaf_count=12 5 5 8 9 6 5 5 5 5 6 5 6 7 9 6 4 5 5 3 7 9 6 5 6 6
internal_value=8.72797e-11 -0.0190798 -0.0401384 -0.0278556 -0.0268162 -0.0276668 0.00212639 0.00136327 0.00321368 -0.0298392 0.00247081 -0.0258982 -0.0586217 0.000335922 0.00228848 0.0526212 -0.0583705 -0.0582207 0.0525541 0.0525344 0.0525069 -0.0584543 -0.0584248 0.0527422 0.0525372
internal_weight=1.27963 0.939119 0.4712 0.283082 0.185752 0.14283 0.46792 0.274948 0.192972 0.0973299 0.127428 0.0807615 0.188117 0.144598 0.130349 0.340513 0.127271 0.0456805 0.21899 0.188688 0.134133 0.0815909 0.0496913 0.121523 0.105251
internal_count=160 120 80 40 26 20 40 25 15 14 10 11 40 14 11 40 28 10 30 27 20 18 11 10 15
is_linear=0
shrinkage=0.05


Tree=41
num_leaves=24
num_cat=0
split_feature=0 2 2 4 0 1 3 3 6 5 5 0 6 4 1 0 1 5 1 1 6 0 0
split_gain=0.473101 0.157312 0.0404098 0.000218747 0.000153048 0.000140462 0.000187644 0.000122191 0.000138807 0.000105909 8.14656e-05 8.95458e-06 5.55679e-06 9.44199e-07 5.91494e-07 3.91344e-07 1.73051e-07 1.17561e-07 1.53513e-07 4.60446e-08 3.68001e-08 1.35483e-08 1.14851e-08
threshold=79.872879028320327 72.500000000000014 57.500000000000007 35.442211151123054 39.482965469360359 62.733404159545906 62.27971267700196 65.775196075439467 3.8469237089157109 0.36679254472255712 0.35814735293388372 7.5852658748626718 2.1755837202072148 92.672641754150405 11.796430587768556 11.570649147033693 92.194244384765639 0.98412311077117931 85.86542129516603 8.8395819664001483 0.29941897094249731 94.018100738525405 94.018100738525405
decision_type=2 2 2 2 2 2 2 2 2 2 2 2 2 2 2 2 2 2 2 2 2 2 2
left_child=1 2 11 10 9 7 -7 8 -3 -5 -4 -1 -12 16 19 -16 17 18 -2 -13 -21 -15 -20
right_child=13 5 3 4 -6 6 -8 -9 -10 -11 12 14 -14 21 15 -17 -18 -19 22 20 -22 -23 -24
leaf_value=-0.058984386944212132 0.052296509589707177 -0.00090018991078464586 -0.030628337451443062 -0.027639355931220369 -0.024178710892387982 0.0024022810741884879 0.0046700639744101987 0.0024022810741884879 0.0015567565375598064 -0.025873526718671887 -0.028419326299066877 -0.058352638122458889 -0.027639355931220369 0.052607913027043762 -0.058187571064782617 -0.057915540043790639 0.052538133728819672 0.052483570299096699 0.052416537237341604 -0.058312657509500598 -0.05822286549487702 0.05264300566116821 0.05244309608902669
leaf_weight=0.056728186551481485 0.026751911267638206 0.077788389287889004 0.050829936284571886 0.047747645992785692 0.055553637910634279 0.086381605826318264 0.12374075595289469 0.060658769682049751 0.093643204309046268 0.035391193348914385 0.04575510835275054 0.029681859305128455 0.032937772572040558 0.0473536541685462 0.021501796087250113 0.021014385158196092 0.028138709254562855 0.050629697972908616 0.058659189380705357 0.025731500005349517 0.020502772415056825 0.0656125214882195 0.038945917272940278
leaf_count=12 5 8 8 7 8 8 10 5 9 5 7 7 5 4 5 5 3 7 9 6 5 6 6
internal_value=1.33206e-11 -0.0187432 -0.0397889 -0.0275905 -0.0262106 0.00235796 0.0032945 0.00151006 0.000711232 -0.0275683 -0.0290681 -0.0584678 -0.0280603 0.0525124 -0.0582204 -0.0580711 0.052448 0.052429 0.0524026 -0.058304 -0.0582728 0.0526283 0.0524317
internal_weight=1.20168 0.885589 0.443376 0.268215 0.138692 0.442213 0.210122 0.23209 0.171432 0.0831388 0.129523 0.17516 0.0786929 0.316092 0.118432 0.0425162 0.203125 0.174987 0.124357 0.0759161 0.0462343 0.112966 0.0976051
internal_count=160 120 80 40 20 40 18 22 17 12 20 40 12 40 28 10 30 27 20 18 11 10 15
is_linear=0
shrinkage=0.05


Tree=42
num_leaves=23
num_cat=0
split_feature=0 2 2 5 0 3 1 4 3 6 0 0 5 4 1 0 1 5 1 1 0 0
split_gain=0.435976 0.147705 0.0381702 0.000193564 0.000306453 0.000130021 0.000259163 9.79878e-05 9.74399e-05 5.50962e-05 3.81686e-05 8.12327e-06 5.72152e-06 7.93683e-07 5.56724e-07 3.74696e-07 1.45446e-07 1.01922e-07 1.28163e-07 4.12267e-08 1.30117e-08 1.02462e-08
threshold=79.872879028320327 72.500000000000014 57.500000000000007 0.364504024386406 40.014465332031257 59.75464057922364 62.733404159545906 35.818746566772468 65.775196075439467 2.1983588933944707 68.267368316650405 7.5852658748626718 0.35441604256629949 92.672641754150405 11.796430587768556 11.570649147033693 92.194244384765639 0.98412311077117931 85.86542129516603 8.8395819664001483 94.018100738525405 94.018100738525405
decision_type=2 2 2 2 2 2 2 2 2 2 2 2 2 2 2 2 2 2 2 2 2 2
left_child=1 2 11 9 7 -3 8 -5 -7 12 -8 -1 -4 16 19 -16 17 18 -2 -13 -15 -20
right_child=13 5 3 4 -6 6 10 -9 -10 -11 -12 14 -14 20 15 -17 -18 -19 21 -21 -22 -23
leaf_value=-0.058826085547466656 0.052202748085379586 0.0005791060214267688 -0.030230285016672926 -0.02757184733392757 -0.023074150012451947 0.0017793814856198341 0.0037869982634036251 -0.025387081378002569 0.0031259946906159633 -0.02757184733392757 0.0053479094021549158 -0.058204362344774552 -0.029311208804737428 0.052497785263610736 -0.058039644740113187 -0.05776464275028087 0.052432764582807705 0.052380864354186367 0.052316110861706677 -0.058126123250142804 0.052533449498455426 0.052342137079409184
leaf_weight=0.052948317024856806 0.024820043006911874 0.067213353700935841 0.037677179090678692 0.043268864043056965 0.052235676441341639 0.13445326779037714 0.089164430275559425 0.052939880639314651 0.057375948876142502 0.037465807516127825 0.069841068238019943 0.027652842458337545 0.030756834428757429 0.044012857601046562 0.020037739304825664 0.019564587157219648 0.026154833845794201 0.047024663304910064 0.054428564617410302 0.043048660038039088 0.061046934919431806 0.036154217319563031
leaf_count=12 5 7 6 7 8 14 8 8 5 6 6 7 5 4 5 5 3 7 9 11 6 6
internal_value=1.35624e-10 -0.0184161 -0.0394486 -0.0273378 -0.0261728 0.0025937 0.00297966 -0.0275718 0.00177938 -0.0289709 0.00447261 -0.058317 -0.0298172 0.0524084 -0.0580727 -0.0579226 0.052347 0.052329 0.0523034 -0.0581567 0.0525185 0.052331
internal_weight=1.12929 0.835644 0.417596 0.254344 0.148444 0.418048 0.350835 0.0962087 0.191829 0.1059 0.159005 0.163252 0.068434 0.293642 0.110304 0.0396023 0.188582 0.162427 0.115403 0.0707015 0.10506 0.0905828
internal_count=160 120 80 40 23 40 33 15 19 17 14 40 11 40 28 10 30 27 20 18 10 15
is_linear=0
shrinkage=0.05


Tree=43
num_leaves=24
num_cat=0
split_feature=0 2 2 4 0 3 0 5 6 0 1 4 6 0 4 1 0 1 5 1 1 0 0
split_gain=0.402403 0.138749 0.0360004 0.000179495 0.000123673 0.000120271 9.79468e-05 9.15137e-05 8.17244e-05 6.82709e-05 5.52177e-05 4.09824e-05 2.6627e-05 7.32319e-06 6.65947e-07 5.44233e-07 3.65029e-07 1.21679e-07 8.72274e-08 1.11022e-07 4.39147e-08 1.01904e-08 8.91739e-09
threshold=79.872879028320327 72.500000000000014 57.500000000000007 35.442211151123054 39.482965469360359 64.031455993652358 69.055473327636733 0.36679254472255712 3.8469237089157109 40.505910873413093 63.16017150878907 64.341842651367202 1.9945488572120669 7.5852658748626718 92.672641754150405 11.796430587768556 11.570649147033693 92.194244384765639 0.98412311077117931 85.86542129516603 8.8395819664001483 94.018100738525405 94.018100738525405
decision_type=2 2 2 2 2 2 2 2 2 2 2 2 2 2 2 2 2 2 2 2 2 2 2
left_child=1 2 13 9 7 6 10 -5 11 12 -3 -7 -4 -1 17 20 -17 18 19 -2 -15 -16 -21
right_child=14 5 3 4 -6 8 -8 -9 -10 -11 -12 -13 -14 15 21 16 -18 -19 -20 22 -22 -23 -24
leaf_value=-0.058664205092881408 0.052112358836983924 0.00064331161651134342 -0.03058299685156704 -0.027161837591945411 -0.023873957296477719 0.0029661482618807931 0.0029661482618807931 -0.025479079714235582 0.0054086215536318025 -0.027161837591945411 0.0021799812450242983 0.004228699988979622 -0.028683249458456864 -0.05806061790955408 0.052395170245609836 -0.057889802541451846 -0.057608417048746634 0.052332753625965373 0.052283476460631056 0.052221705309264947 -0.057976977357546068 0.052427877865404142 0.052246556415341865
leaf_weight=0.049427916994318366 0.023030749056488276 0.10363580565899611 0.028349676169455051 0.042979290243238211 0.05006913747638464 0.052833451889455318 0.059344729408621788 0.031872964929789305 0.055604031309485435 0.035313971806317568 0.068963396362960339 0.055012567900121212 0.052791216876357794 0.025784236611798406 0.040987373329699039 0.018683065660297871 0.018228390021249652 0.024333266541361809 0.043731631245464087 0.050590261816978455 0.04009973700158298 0.056836387608200312 0.033603390911594033
leaf_count=12 5 12 5 7 8 5 6 5 5 6 7 5 9 7 4 5 5 3 7 9 11 6 6
internal_value=-4.1103e-12 -0.0181072 -0.0391225 -0.027114 -0.0257975 0.00281277 0.00208072 -0.0270842 0.00385157 -0.0285262 0.00139381 0.00304878 -0.029347 -0.0581641 0.0523097 -0.0579236 -0.0577699 0.0522513 0.0522342 0.0522096 -0.0580097 0.0524142 0.0522362
internal_weight=1.06211 0.788994 0.3936 0.241376 0.124921 0.395394 0.231944 0.0748523 0.16345 0.116455 0.172599 0.107846 0.0811409 0.152223 0.273113 0.102795 0.0369115 0.175289 0.150956 0.107224 0.065884 0.0978238 0.0841937
internal_count=160 120 80 40 20 40 25 12 15 20 19 10 14 40 40 28 10 30 27 20 18 10 15
is_linear=0
shrinkage=0.05


Tree=44
num_leaves=22
num_cat=0
split_feature=0 2 2 5 4 5 3 1 3 0 0 0 4 1 0 1 5 1 1 0 0
split_gain=0.371643 0.130454 0.0340296 0.000172372 0.000279286 0.000105327 0.000101938 0.000223587 7.53074e-05 3.41526e-05 2.87215e-05 6.66347e-06 5.67905e-07 5.1338e-07 3.42477e-07 1.03367e-07 7.401e-08 9.66833e-08 4.74878e-08 9.59304e-09 7.38467e-09
threshold=79.872879028320327 72.500000000000014 57.500000000000007 0.39036472141742712 35.442211151123054 0.35441604256629949 59.75464057922364 62.733404159545906 65.775196075439467 40.505910873413093 68.267368316650405 7.5852658748626718 92.672641754150405 11.796430587768556 11.570649147033693 92.194244384765639 0.98412311077117931 85.86542129516603 8.8395819664001483 94.018100738525405 94.018100738525405
decision_type=2 2 2 2 2 2 2 2 2 2 2 2 2 2 2 2 2 2 2 2 2
left_child=1 2 11 4 9 -6 -3 8 -8 -4 -9 -1 15 18 -15 16 17 -2 -13 -14 -19
right_child=12 6 3 -5 5 -7 7 10 -10 -11 -12 13 19 14 -16 -17 -18 20 -20 -21 -22
leaf_value=-0.058511402738693874 0.052024982278933242 0.001151837894829289 -0.030010957633501589 -0.023265145410810453 -0.027520486641381001 -0.025331532418889857 0.0022761346543625311 0.0042376525439533196 0.0035711539857015704 -0.027919493960820115 0.0056679215471750668 -0.057921906868069063 0.052295775415802798 -0.057746536821824603 -0.057464023499141051 0.052236957508022035 0.0521898051565578 0.05213115515364794 -0.057831867141744479 0.052328654527507748 0.052154495397714253
leaf_weight=0.046212990302592516 0.021391344489529729 0.060039988718926907 0.065878317225724459 0.028865266591310501 0.029456662014126778 0.077286215499043465 0.12013261299580336 0.079874913208186626 0.051375737413764 0.027737755328416824 0.062616966664791107 0.024061999982222915 0.038177291862666607 0.017433839850127697 0.016999277053400874 0.022650408558547497 0.040677835466340184 0.047040181467309594 0.037412657402455807 0.052959782304242253 0.031238732626661658
leaf_count=12 5 7 12 5 5 13 14 8 5 5 6 7 4 5 5 3 7 9 11 6 6
internal_value=-4.54965e-12 -0.0178024 -0.0387956 -0.0268775 -0.0273979 -0.0256497 0.00303949 0.00340043 0.00227613 -0.0293913 0.00486617 -0.0580182 0.0522149 -0.0577805 -0.057626 0.052159 0.0521427 0.0521192 -0.0578671 0.0523149 0.0521449
internal_weight=0.999521 0.745385 0.371345 0.229224 0.200359 0.106743 0.37404 0.314 0.171508 0.0936161 0.142492 0.142121 0.254136 0.0959078 0.0344331 0.162999 0.140348 0.0996703 0.0614747 0.0911371 0.0782789
internal_count=160 120 80 40 35 18 40 33 19 17 14 40 40 28 10 30 27 20 18 10 15
is_linear=0
shrinkage=0.05


Tree=45
num_leaves=23
num_cat=0
split_feature=0 2 2 5 6 4 3 0 6 1 0 1 5 0 1 4 0 1 5 1 1 0
split_gain=0.343716 0.122481 0.0322218 0.000150862 0.000127614 0.000105099 9.70531e-05 7.8185e-05 7.35781e-05 5.05882e-05 3.91511e-05 3.33928e-05 1.61403e-05 6.04365e-06 5.04322e-07 4.78782e-07 2.9061e-07 8.6987e-08 6.354e-08 5.11025e-08 3.2014e-08 7.7809e-09
threshold=79.872879028320327 72.500000000000014 57.500000000000007 0.35814735293388372 2.1983588933944707 35.442211151123054 64.031455993652358 69.055473327636733 3.8469237089157109 63.16017150878907 39.482965469360359 63.544439315795906 0.37265501916408544 7.5852658748626718 11.796430587768556 92.672641754150405 11.570649147033693 92.194244384765639 0.98412311077117931 8.8395819664001483 87.496990203857436 94.018100738525405
decision_type=2 2 2 2 2 2 2 2 2 2 2 2 2 2 2 2 2 2 2 2 2 2
left_child=1 2 13 10 5 -5 7 9 11 -3 -4 -8 -7 -1 19 17 -16 18 20 -15 -2 -17
right_child=15 6 3 4 -6 12 8 -9 -10 -11 -12 -13 -14 14 16 21 -18 -19 -20 -21 -22 -23
leaf_value=-0.058362432590037316 0.052009209248135381 0.0011200464205548405 -0.02944330169500016 -0.027059965295713601 -0.022950562376237826 -0.025938311863640418 0.0033780282871638239 0.0033780282871638239 0.0057779635260591803 0.0026335832182286557 -0.027134480757444179 0.0045957038475617487 -0.024722206842887784 -0.057790166016566613 -0.057607703569890235 0.052202328199849136 -0.057330709650074321 0.052146024453619322 0.052101176284413568 -0.057693515304509238 0.052067466756033493 0.052232993579471712
leaf_weight=0.043231193907558918 0.054639017907902598 0.092530275229364634 0.042488288134336472 0.047654491849243641 0.033056061714887619 0.028223447967320681 0.046750951092690229 0.05313191469758749 0.049886698834598064 0.061741472221910954 0.032334817573428154 0.049874644726514816 0.033997263293713331 0.022482575848698616 0.01627634628675878 0.035606510005891323 0.015878706937655807 0.021100064739584923 0.037885765545070171 0.034916531527414918 0.038121279561892152 0.04936449253000319
leaf_count=12 11 12 8 9 6 5 5 6 5 7 6 5 6 7 5 4 5 3 7 11 9 6
internal_value=-6.46483e-11 -0.0175155 -0.0384643 -0.0266266 -0.0256744 -0.0264939 0.00323342 0.00253751 0.00421855 0.00188914 -0.0284455 0.00341344 -0.0248716 -0.0578769 -0.0576426 0.0521251 -0.057484 0.0520719 0.0520563 -0.0577314 0.0520338 0.0522201
internal_weight=0.941173 0.704456 0.35054 0.217754 0.142931 0.109875 0.353916 0.207404 0.146512 0.154272 0.0748231 0.0966256 0.0622207 0.132785 0.0895542 0.236717 0.0321551 0.151746 0.130646 0.0573991 0.0927603 0.084971
internal_count=160 120 80 40 26 20 40 25 15 19 14 10 11 40 28 40 10 30 27 18 20 10
is_linear=0
shrinkage=0.05


Tree=46
num_leaves=22
num_cat=0
split_feature=0 2 2 4 0 1 3 6 5 3 5 0 6 1 4 0 1 5 1 1 0
split_gain=0.318108 0.115391 0.030443 0.000139556 0.000100742 8.41982e-05 0.000117885 8.02665e-05 7.12171e-05 5.64132e-05 5.64106e-05 5.4341e-06 3.18589e-06 4.64104e-07 4.10289e-07 2.70953e-07 7.56734e-08 5.3188e-08 4.89794e-08 2.81749e-08 6.65294e-09
threshold=79.872879028320327 72.500000000000014 57.500000000000007 35.442211151123054 39.482965469360359 62.733404159545906 62.27971267700196 3.8469237089157109 0.36679254472255712 64.031455993652358 0.35814735293388372 7.5852658748626718 2.1755837202072148 11.796430587768556 92.672641754150405 11.570649147033693 92.194244384765639 0.98412311077117931 8.8395819664001483 87.496990203857436 94.018100738525405
decision_type=2 2 2 2 2 2 2 2 2 2 2 2 2 2 2 2 2 2 2 2 2
left_child=1 2 11 10 8 7 -7 -3 -5 -9 -4 -1 -12 18 16 -15 17 19 -13 -2 -16
right_child=14 5 3 4 -6 6 -8 9 -10 -11 12 13 -14 15 20 -17 -18 -19 -20 -21 -22
leaf_value=-0.058208822896038882 0.051927142059050885 0.0014796024135197243 -0.029245285997282541 -0.026467076108166111 -0.023294636115097102 0.0034960968292411564 0.0055439198553963939 0.0024878496213804405 -0.024858078917758229 0.0034960968292411564 -0.027122359574662115 -0.057650826709996897 -0.026467076108166111 -0.057468558849261255 0.052112531020796909 -0.057192582777769722 0.052058531708215727 0.052015462308335828 -0.057552943646127709 0.051983241094914902 0.052141884197832646
leaf_weight=0.040477658156305552 0.050870989914983511 0.076520595233887434 0.039160076528787613 0.036866068374365568 0.042988820932805538 0.065344190690666437 0.094238515943288803 0.051675898022949696 0.027403133921325207 0.047269852831959724 0.035262230318039656 0.021010240074247122 0.025409305933862925 0.015210402896627784 0.033228175714612007 0.014835786540061235 0.019673834787681699 0.035294906934723258 0.032626302447170019 0.035488339373841882 0.046065364731475711
leaf_count=12 11 10 8 7 8 8 10 7 5 5 7 7 5 5 4 5 3 7 11 9 6
internal_value=-2.57901e-10 -0.0172307 -0.0381572 -0.0264205 -0.0251683 0.00345848 0.00428961 0.00270258 -0.0264215 0.0034961 -0.0277659 -0.0577332 -0.026811 -0.0575032 0.0520386 -0.0573458 0.0519875 0.0519724 -0.0575913 0.051951 0.0521296
internal_weight=0.886921 0.666299 0.33125 0.20709 0.107258 0.335049 0.159583 0.175466 0.0642692 0.0989458 0.0998316 0.12416 0.0606715 0.0836827 0.220622 0.0300462 0.141328 0.121654 0.0536365 0.0863593 0.0792935
internal_count=160 120 80 40 20 40 18 22 12 12 20 40 12 28 40 10 30 27 18 20 10
is_linear=0
shrinkage=0.05


Tree=47
num_leaves=23
num_cat=0
split_feature=0 2 2 5 4 5 3 0 6 1 0 4 0 0 1 0 4 1 5 1 0 1
split_gain=0.294725 0.108745 0.0287757 0.000128973 0.000220383 8.1962e-05 7.90148e-05 6.45631e-05 6.44515e-05 4.18771e-05 4.6795e-05 2.94121e-05 2.8591e-05 4.90917e-06 1.09271e-06 7.1068e-07 3.48516e-07 6.43679e-08 4.51139e-08 2.39884e-08 6.13502e-09 7.73842e-10
threshold=79.872879028320327 72.500000000000014 57.500000000000007 0.39036472141742712 35.442211151123054 0.35441604256629949 64.031455993652358 69.055473327636733 3.8469237089157109 63.16017150878907 65.246723175048842 64.341842651367202 40.505910873413093 7.5852658748626718 11.796430587768556 11.570649147033693 92.672641754150405 92.194244384765639 0.98412311077117931 87.496990203857436 94.018100738525405 8.8395819664001483
decision_type=2 2 2 2 2 2 2 2 2 2 2 2 2 2 2 2 2 2 2 2 2 2
left_child=1 2 13 4 12 -6 7 9 11 10 -3 -8 -4 -1 21 -16 17 18 19 -2 -18 -15
right_child=16 6 3 -5 5 -7 8 -9 -10 -11 -12 -13 -14 14 15 -17 20 -19 -20 -21 -22 -23
leaf_value=-0.058059226800357612 0.051849485923985611 0.00039951233606011087 -0.029228873596707602 -0.022851578566559561 -0.02682422267501753 -0.024778361633022373 0.0038112697686443018 0.0038112697686443018 0.0061514622702653586 0.0030986555982255009 0.0023718921761924127 0.0049838920225060944 -0.027163996788045448 -0.057511171205776951 -0.057307598415783173 -0.056844700279435549 0.052025743527952653 0.051974906252105782 0.051933801011782313 0.051903052124089966 0.052054915331588791 -0.057498501793195766
leaf_weight=0.037934386869892478 0.047419887268915772 0.041306485887616873 0.056559441611170769 0.024845219682902098 0.025353096425533295 0.066471916157752275 0.042436260730028152 0.047646699007600546 0.044824416749179363 0.055357904173433781 0.041441758628934622 0.044275237247347832 0.023826198186725378 0.019652839051559567 0.014228442683815956 0.013199131470173597 0.03101624408736825 0.01836010254919529 0.032909302040934563 0.033059366047382355 0.043023425852879882 0.031165550230070949
leaf_count=12 11 6 12 5 5 13 5 6 5 7 6 5 5 7 5 5 4 3 7 9 6 11
internal_value=1.43986e-10 -0.0169572 -0.0378557 -0.0262193 -0.0267051 -0.0250316 0.00367443 0.00301046 0.00461208 0.00238604 0.00164513 0.00381632 -0.0286168 -0.0575924 -0.0573661 -0.0571118 0.0519559 0.0519071 0.0518927 0.0518723 0.0520427 -0.0575034
internal_weight=0.836313 0.630525 0.313236 0.197056 0.172211 0.091825 0.317289 0.185753 0.131536 0.138106 0.0827482 0.0867115 0.0803856 0.11618 0.078246 0.0274276 0.205788 0.131749 0.113389 0.0804793 0.0740397 0.0508184
internal_count=160 120 80 40 35 18 40 25 15 19 12 10 17 40 28 10 40 30 27 20 10 18
is_linear=0
shrinkage=0.05


Tree=48
num_leaves=21
num_cat=0
split_feature=0 2 2 5 6 0 3 1 4 4 4 0 1 0 4 1 5 1 0 1
split_gain=0.273264 0.102507 0.0272449 0.000116236 0.000100906 8.41596e-05 7.11696e-05 0.000164267 0.000127033 2.98146e-05 2.19088e-05 4.43618e-06 1.02451e-06 6.18185e-07 2.99465e-07 5.46317e-08 3.87581e-08 2.13771e-08 5.91643e-09 2.02996e-09
threshold=79.872879028320327 72.500000000000014 57.500000000000007 0.35814735293388372 2.1983588933944707 40.014465332031257 59.75464057922364 63.16017150878907 64.19608306884767 35.442211151123054 35.818746566772468 7.5852658748626718 11.796430587768556 11.570649147033693 92.672641754150405 92.194244384765639 0.98412311077117931 87.496990203857436 94.018100738525405 8.8395819664001483
decision_type=2 2 2 2 2 2 2 2 2 2 2 2 2 2 2 2 2 2 2 2
left_child=1 2 11 9 5 10 -3 8 -8 -4 -5 -1 19 -14 15 16 17 -2 -16 -13
right_child=14 6 3 4 -6 -7 7 -9 -10 -11 -12 12 13 -15 18 -17 -18 -19 -20 -21
leaf_value=-0.05791446118369329 0.051774256221149853 0.0021237494715658947 -0.028701467473156966 -0.026417963255509991 -0.022498824021088708 -0.024195864517039672 0.0031730943406539773 0.0059074070041148828 0.0045821714127032547 -0.026540010153329394 -0.025306913886274832 -0.057384262429757707 -0.057175266243158232 -0.056722494696296137 0.051942740868047899 0.051894937910531347 0.051855551155521346 0.051826066171009467 0.051972378244942885 -0.057363056556554264
leaf_weight=0.03558154939673841 0.044212346896529198 0.048092026263475418 0.035436377394944429 0.031828788574784994 0.028490587137639523 0.033436818048357964 0.10435058828443289 0.091954973526299 0.056126496288925409 0.029019298497587442 0.029378684237599373 0.018403331283479929 0.01331166154704988 0.012346562463790178 0.028973256703466177 0.017130673630163074 0.030708200763911009 0.030825442401692271 0.040207718731835485 0.02917798375710845
leaf_count=12 11 7 8 7 6 7 15 11 7 6 6 7 5 5 4 3 7 9 6 11
internal_value=-5.87891e-11 -0.0166908 -0.0375537 -0.0260081 -0.0251076 -0.0258929 0.00388659 0.00422244 0.00325694 -0.0277283 -0.026418 -0.0574564 -0.0572339 -0.0569793 0.0518768 0.0518299 0.0518162 0.0517966 0.05196 -0.0573713
internal_weight=0.788993 0.596936 0.296412 0.187591 0.123135 0.0946443 0.300524 0.252432 0.160477 0.0644557 0.0612075 0.108821 0.0732395 0.0256582 0.192058 0.122877 0.105746 0.0750378 0.069181 0.0475813
internal_count=160 120 80 40 26 20 40 33 22 14 13 40 28 10 40 30 27 20 10 18
is_linear=0
shrinkage=0.05


Tree=49
num_leaves=25
num_cat=0
split_feature=0 2 2 4 0 3 4 6 5 1 6 1 4 0 1 0 4 1 1 0 4 5 1 0
split_gain=0.253742 0.096679 0.0257498 0.0001053 8.25914e-05 6.34535e-05 0.000133707 6.10569e-05 5.71296e-05 4.39185e-05 4.00083e-05 2.46374e-05 1.57772e-05 3.94296e-06 9.30583e-07 5.58206e-07 2.53561e-07 4.65564e-08 2.18752e-08 5.35178e-09 3.8598e-09 4.41973e-09 1.57998e-09 8.92043e-12
threshold=79.872879028320327 72.500000000000014 57.500000000000007 35.442211151123054 39.482965469360359 62.27971267700196 64.769802093505874 3.776604533195496 0.36679254472255712 62.733404159545906 2.1983588933944707 62.324077606201179 34.139917373657234 7.5852658748626718 11.796430587768556 11.570649147033693 92.672641754150405 87.496990203857436 92.194244384765639 94.018100738525405 89.989799499511733 0.98412311077117931 8.8395819664001483 93.355400085449233
decision_type=2 2 2 2 2 2 2 2 2 2 2 2 2 2 2 2 2 2 2 2 2 2 2 2
left_child=1 2 13 10 8 7 9 -3 -5 -7 12 -9 -4 -1 22 -16 17 23 20 -18 -19 -22 -15 -2
right_child=16 5 3 4 -6 6 -8 11 -10 -11 -12 -13 -14 14 15 -17 19 18 -20 -21 21 -23 -24 -25
leaf_value=-0.057763829835282804 0.051718476808339013 0.0017101924416228693 -0.028880368046736035 -0.025871781345755285 -0.022831357434841888 0.0039855807557856102 0.0067422704285028893 0.0028478865987042398 -0.024351569390298589 0.0053639255921442497 -0.025871781345755285 0.0039855807557856102 -0.027207545822523008 -0.057248281027387771 -0.057043393121467535 -0.056598186300235158 0.051863742958107598 0.051751518941277233 0.051818792833848361 0.051892890795243875 0.051763923569376251 0.051792711289639803 -0.057228947951189137 0.051719847466983097
leaf_weight=0.033372381469234824 0.021915762918069959 0.043035811744630337 0.020903031574562192 0.031837967224419117 0.037117617204785347 0.049061244819313288 0.055987894535064697 0.031287032645195723 0.023670087102800608 0.055908083450049162 0.021881747059524059 0.049514843616634607 0.04327858192846179 0.017235092353075743 0.012468534288927913 0.011557320831343532 0.027095417957752943 0.015395232010632753 0.016007700003683567 0.037603112868964672 0.01560356211848557 0.019930577604100108 0.027319027110934258 0.025897619314491749
leaf_count=12 6 7 5 7 8 7 7 5 5 7 5 7 10 7 5 5 4 5 3 6 5 5 11 6
internal_value=2.88946e-10 -0.0164399 -0.0372673 -0.0258272 -0.0246572 0.00408369 0.00473833 0.00323283 -0.0258718 0.00398558 -0.0270864 0.00398558 -0.0277524 -0.0573181 -0.0571012 -0.0568504 0.0518015 0.0517569 0.0517838 0.0518807 0.051767 0.0517763 -0.0572364 0.0517192
internal_weight=0.744885 0.565436 0.280641 0.178689 0.0926257 0.284795 0.160957 0.123838 0.0555081 0.104969 0.0860634 0.0808019 0.0641816 0.101952 0.06858 0.0240259 0.179449 0.11475 0.0669371 0.0646985 0.0509294 0.0355341 0.0445541 0.0478134
internal_count=160 120 80 40 20 40 21 19 12 14 20 12 15 40 28 10 40 30 18 10 15 10 18 12
is_linear=0
shrinkage=0.05


Tree=50
num_leaves=24
num_cat=0
split_feature=0 2 2 5 0 1 3 6 4 3 6 0 5 1 0 4 1 1 0 4 5 1 0
split_gain=0.235824 0.0911875 0.0243665 9.96674e-05 0.000162885 5.47626e-05 7.77342e-05 6.39667e-05 5.29485e-05 3.99404e-05 3.44171e-05 3.53505e-06 3.39974e-06 8.50917e-07 5.07465e-07 2.17385e-07 4.09619e-08 1.80066e-08 5.56539e-09 3.13881e-09 3.67189e-09 1.29086e-09 1.51843e-11
threshold=79.872879028320327 72.500000000000014 57.500000000000007 0.364504024386406 40.014465332031257 62.733404159545906 62.27971267700196 3.8469237089157109 35.818746566772468 64.031455993652358 2.1983588933944707 7.5852658748626718 0.35441604256629949 11.796430587768556 11.570649147033693 92.672641754150405 87.496990203857436 92.194244384765639 94.018100738525405 89.989799499511733 0.98412311077117931 8.8395819664001483 93.355400085449233
decision_type=2 2 2 2 2 2 2 2 2 2 2 2 2 2 2 2 2 2 2 2 2 2 2
left_child=1 2 11 10 8 7 -7 -3 -5 -9 12 -1 -4 21 -15 16 22 19 -17 -18 -21 -13 -2
right_child=15 5 3 4 -6 6 -8 9 -10 -11 -12 13 -14 14 -16 18 17 -19 -20 20 -22 -23 -24
leaf_value=-0.057619438162537374 0.051649444219451661 0.0023625557224706264 -0.028286611827176622 -0.025846459145013857 -0.021860011729405035 0.0043048575183573289 0.0061513499711481614 0.0033337066204139777 -0.023880753295509372 0.0043048575183573289 -0.025846459145013857 -0.057116335574330573 -0.02742041299637861 -0.056914572790151489 -0.056475378866567727 0.051787651832655247 0.051681788802138362 0.051746267684074844 0.051818379662132243 0.051693881910608065 0.051721332410501121 -0.057098284190258419 0.051651294318048414
leaf_weight=0.031331900740042329 0.020469286479055882 0.06140865758061409 0.025247273966670036 0.028853960335254669 0.035043482203036547 0.052581169176846743 0.076192714273929596 0.041499069426208735 0.035518416669219732 0.038268937729299068 0.025063896551728249 0.016151074902154505 0.020546915009617805 0.011688310885801911 0.010820466792210937 0.025340802036225796 0.014383646892383695 0.014969911426305771 0.035211047856137156 0.014575016219168901 0.018625857308506966 0.025603965623304248 0.024204452289268374
leaf_count=12 6 10 6 7 8 8 10 7 8 5 6 7 5 5 5 4 5 3 6 5 5 11 6
internal_value=2.65789e-10 -0.016198 -0.0369823 -0.0256407 -0.0246194 0.0042721 0.00501776 0.00359196 -0.0258465 0.00430486 -0.0270735 -0.057184 -0.027898 -0.0569717 -0.0567239 0.0517298 0.051687 0.0517131 0.0518055 0.0516974 0.051706 -0.0571053 0.0516504
internal_weight=0.7036 0.53582 0.26587 0.170274 0.0994159 0.269951 0.128774 0.141177 0.0643724 0.079768 0.0708581 0.0955957 0.0457942 0.0642638 0.0225088 0.16778 0.107228 0.0625544 0.0605518 0.0475845 0.0332009 0.041755 0.0446737
internal_count=160 120 80 40 23 40 18 22 15 12 17 40 11 28 10 40 30 18 10 15 10 18 12
is_linear=0
shrinkage=0.05


Tree=51
num_leaves=24
num_cat=0
split_feature=0 2 2 5 4 5 3 6 0 1 0 4 0 1 0 4 1 1 0 4 5 1 0
split_gain=0.219296 0.0862822 0.0230079 9.06448e-05 0.000158793 5.99561e-05 5.26018e-05 6.05247e-05 4.70266e-05 2.97684e-05 2.09261e-05 1.78593e-05 3.16604e-06 7.89656e-07 4.72747e-07 1.85139e-07 3.56267e-08 1.52822e-08 5.06561e-09 2.94231e-09 3.18758e-09 1.6793e-09 2.79165e-12
threshold=79.872879028320327 72.500000000000014 57.500000000000007 0.39036472141742712 35.442211151123054 0.35441604256629949 64.031455993652358 3.8469237089157109 69.055473327636733 63.16017150878907 40.505910873413093 64.341842651367202 7.5852658748626718 11.796430587768556 11.570649147033693 92.672641754150405 87.496990203857436 92.194244384765639 94.018100738525405 89.989799499511733 0.98412311077117931 8.8395819664001483 93.355400085449233
decision_type=2 2 2 2 2 2 2 2 2 2 2 2 2 2 2 2 2 2 2 2 2 2 2
left_child=1 2 12 4 10 -6 8 11 9 -3 -4 -8 -1 21 -15 16 22 19 -17 -18 -21 -14 -2
right_child=15 6 3 -5 5 -7 7 -9 -10 -11 -12 -13 13 14 -16 18 17 -19 -20 20 -22 -23 -24
leaf_value=-0.05747242646048159 0.05158373646589888 0.002582128696207297 -0.028311998028193747 -0.022387521493594367 -0.026057955257479892 -0.024166069634372019 0.0046111037432904761 0.0070009931868702316 0.0046111037432904761 0.0039458970390154986 -0.026365367145759374 0.0057432874264278519 -0.056985671304272345 -0.056782902332857148 -0.056345201540541817 0.051714886783180272 0.051614412234686061 0.051675983574218945 0.051745183654521243 0.051626327544169848 0.051652797540250033 -0.056964411833539369 0.051584556988186418
leaf_weight=0.029437621822580695 0.019131124252453446 0.066447609104216099 0.046525375917553902 0.020496691344305873 0.020932681392878294 0.054817629978060722 0.034253519959747791 0.036343581043183804 0.038482206873595715 0.044654137920588255 0.019630995346233249 0.035830170847475529 0.015153373591601849 0.010962264612317085 0.010132997995242476 0.023720437660813332 0.013435202068649232 0.014007698046043515 0.032978123985230923 0.013622305006720126 0.017425944213755429 0.024001637124456465 0.022626254474744201
leaf_count=12 6 12 12 5 5 13 5 5 6 7 5 5 7 5 5 4 5 3 6 5 5 11 6
internal_value=-1.86809e-10 -0.0159573 -0.036721 -0.0254957 -0.0259446 -0.0243815 0.00448853 0.00533821 0.00388399 0.00328069 -0.0277344 0.0046111 -0.0570474 -0.0568398 -0.0565932 0.0516603 0.0516195 0.0516446 0.0517325 0.0516296 0.0516382 -0.0569726 0.0515842
internal_weight=0.66505 0.508102 0.252091 0.162403 0.141907 0.0757503 0.256011 0.106427 0.149584 0.111102 0.0661564 0.0700837 0.0896879 0.0602503 0.0210953 0.156947 0.100249 0.0584911 0.0566986 0.0444835 0.0310482 0.039155 0.0417574
internal_count=160 120 80 40 35 18 40 15 25 19 17 10 40 28 10 40 30 18 10 15 10 18 12
is_linear=0
shrinkage=0.05


Tree=52
num_leaves=22
num_cat=0
split_feature=2 0 2 5 6 0 3 1 4 0 4 0 1 0 4 1 1 0 1 4 5
split_gain=0.205038 0.0805666 0.0218011 7.96392e-05 7.40999e-05 5.8339e-05 4.73891e-05 0.00011348 8.78705e-05 2.41979e-05 1.55471e-05 2.85445e-06 7.36273e-07 4.11385e-07 1.59197e-07 3.11549e-08 1.30654e-08 4.75318e-09 2.61134e-09 2.34222e-09 2.57305e-09
threshold=72.500000000000014 79.872879028320327 57.500000000000007 0.35814735293388372 2.1983588933944707 40.014465332031257 59.75464057922364 63.16017150878907 64.19608306884767 39.482965469360359 35.818746566772468 7.5852658748626718 11.796430587768556 11.570649147033693 92.672641754150405 87.496990203857436 92.194244384765639 94.018100738525405 8.8395819664001483 89.989799499511733 0.98412311077117931
decision_type=2 2 2 2 2 2 2 2 2 2 2 2 2 2 2 2 2 2 2 2 2
left_child=2 6 11 9 5 10 -2 8 -8 -4 -5 -1 18 -14 15 -3 19 -16 -13 -17 -21
right_child=1 14 3 4 -6 -7 7 -9 -10 -11 -12 12 13 -15 17 16 -18 -19 -20 20 -22
leaf_value=-0.057334871070007426 0.0030792222095376029 0.051520767001112869 -0.027811945178092698 -0.025687306675973666 -0.022035062449923665 -0.023634853747498057 0.0040329528180412582 0.0065409222070237517 0.0053165360614571 -0.025687306675973666 -0.02466108021173586 -0.056864369120213046 -0.056658461576207603 -0.056231021648744862 0.051645577119721023 0.051549997389211046 0.051609047754803121 0.051675897813438176 -0.056837009976606859 0.051561367619470347 0.051586363992347783
leaf_weight=0.027685548411682248 0.038744309917092323 0.039054888649843633 0.030198621796444058 0.026232763193547726 0.023549067787826061 0.027625660877674818 0.084112226031720638 0.074540624860674143 0.045401010196655989 0.023020897060632706 0.024279996752738953 0.014229774009436369 0.010284007294103503 0.0095034638652577996 0.022219703998416662 0.012563475989736617 0.013111923122778535 0.030900813057087362 0.022531558410264552 0.012740265461616218 0.016304969205521047
leaf_count=12 7 12 8 7 6 7 15 11 7 6 6 7 5 5 4 5 3 6 11 5 5
internal_value=-1.28722e-10 0.0223658 -0.0364463 -0.0253138 -0.0244937 -0.0252346 0.0046823 0.00498668 0.00409215 -0.0268809 -0.0256873 -0.0569189 -0.0567152 -0.0564693 0.0515941 0.0515549 0.0515792 0.0516632 -0.0568476 0.0515648 0.0515727
internal_weight=0.628836 0.389694 0.239141 0.154907 0.101687 0.0781384 0.242798 0.204054 0.129513 0.0532195 0.0505128 0.0842344 0.0565488 0.0197875 0.146896 0.0937755 0.0547206 0.0531205 0.0367613 0.0416087 0.0290452
internal_count=160 80 80 40 26 20 40 33 22 14 13 40 28 10 40 30 18 10 18 15 10
is_linear=0
shrinkage=0.05


Tree=53
num_leaves=24
num_cat=0
split_feature=2 0 2 4 0 5 0 3 1 5 6 0 6 1 0 4 1 1 0 1 4 5 0
split_gain=0.192222 0.0750324 0.0206212 7.65743e-05 6.08764e-05 4.28695e-05 4.27722e-05 7.11077e-05 3.49472e-05 2.96001e-05 2.60989e-05 2.54561e-06 1.48586e-06 6.63842e-07 3.76673e-07 1.3533e-07 2.69462e-08 1.09096e-08 4.29224e-09 2.6843e-09 2.04752e-09 2.16394e-09 7.04235e-13
threshold=72.500000000000014 79.872879028320327 57.500000000000007 35.442211151123054 39.482965469360359 0.36679254472255712 69.547748565673842 62.27971267700196 62.324077606201179 0.35814735293388372 3.9329692125320439 7.5852658748626718 2.1755837202072148 11.796430587768556 11.570649147033693 92.672641754150405 87.496990203857436 92.194244384765639 94.018100738525405 8.8395819664001483 89.989799499511733 0.98412311077117931 93.355400085449233
decision_type=2 2 2 2 2 2 2 2 2 2 2 2 2 2 2 2 2 2 2 2 2 2 2
left_child=2 6 11 9 5 -5 7 10 -9 -4 -2 -1 -11 19 -15 16 22 20 -17 -13 -18 -22 -3
right_child=1 15 3 4 -6 -7 -8 8 -10 12 -12 13 -14 14 -16 18 17 -19 -20 -21 21 -23 -24
leaf_value=-0.05719295845316074 0.0029101581917684791 0.051460432255893113 -0.027613471730454045 -0.0252045927706155 -0.022343220446424186 -0.023773906608519843 0.0064233390897708064 0.0045396064950182016 0.0054971987154378288 -0.025773805237072112 0.0045396064950182016 -0.05673666228267215 -0.0252045927706155 -0.056533771634406607 -0.056112879155767265 0.051579324335010716 0.051488763282400977 0.051545044700106839 0.051609080019975419 -0.056708036572745063 0.051499825555957252 0.051523743803959077 0.05146087263744438
leaf_weight=0.026038740994408727 0.056918110698461533 0.016748458030633628 0.027890236815437675 0.026340530719608068 0.030733379768207669 0.019610197748988867 0.037160345818847418 0.04736854275688529 0.052204835694283247 0.025133247952908278 0.036732607986778021 0.013364512124098837 0.018131326884031296 0.0096593387424945831 0.0089184745447710156 0.020834711845964193 0.011755700339563191 0.012283644406124949 0.028972950764000416 0.021149581880308688 0.01192647241987288 0.015275096986442804 0.019822866888716817
leaf_count=12 11 6 8 7 8 5 6 8 8 7 7 7 5 5 5 4 5 3 6 11 5 5 6
internal_value=-8.77433e-11 0.0223193 -0.0361881 -0.025162 -0.0240659 -0.0252046 0.00486983 0.00457106 0.0054972 -0.0263433 0.00358201 -0.056788 -0.0255245 -0.0565894 -0.0563484 0.0515308 0.0514935 0.0515169 0.0515966 -0.0567191 0.0515033 0.0515109 0.0514607
internal_weight=0.594974 0.368004 0.22697 0.147839 0.0766841 0.0459507 0.230384 0.193224 0.0995734 0.0711548 0.0936507 0.0791306 0.0432646 0.0530919 0.0185778 0.13762 0.0878122 0.0512409 0.0498077 0.0345141 0.0389573 0.0272016 0.0365713
internal_count=160 80 80 40 20 12 40 34 16 20 18 40 12 28 10 40 30 18 10 18 15 10 12
is_linear=0
shrinkage=0.05


Tree=54
num_leaves=24
num_cat=0
split_feature=2 0 2 5 4 5 3 6 0 1 0 4 0 1 0 4 1 1 0 1 4 5 0
split_gain=0.180484 0.0698189 0.0195084 6.80085e-05 0.000125794 4.66355e-05 4.02303e-05 5.43589e-05 3.56967e-05 2.68236e-05 1.59921e-05 1.2487e-05 2.29312e-06 6.03638e-07 3.46311e-07 1.14745e-07 2.35228e-08 9.11393e-09 3.61218e-09 2.00152e-09 1.77739e-09 1.85517e-09 1.59525e-14
threshold=72.500000000000014 79.872879028320327 57.500000000000007 0.39036472141742712 35.442211151123054 0.35441604256629949 64.031455993652358 3.8469237089157109 69.055473327636733 63.16017150878907 40.505910873413093 64.341842651367202 7.5852658748626718 11.796430587768556 11.570649147033693 92.672641754150405 87.496990203857436 92.194244384765639 94.018100738525405 8.8395819664001483 89.989799499511733 0.98412311077117931 93.355400085449233
decision_type=2 2 2 2 2 2 2 2 2 2 2 2 2 2 2 2 2 2 2 2 2 2 2
left_child=2 6 12 4 10 -6 8 11 9 -2 -4 -8 -1 19 -15 16 22 20 -17 -14 -18 -22 -3
right_child=1 15 3 -5 5 -7 7 -9 -10 -11 -12 -13 13 14 -16 18 17 -19 -20 -21 21 -23 -24
leaf_value=-0.057055583670563542 0.0032097734228076521 0.051402218305928921 -0.027691838778750921 -0.02213682429930016 -0.025549106146208884 -0.023788271558805325 0.0051972099352777731 0.0075944175403126219 0.0051972099352777731 0.0045687712430946921 -0.025866434514129611 0.0062445096301675281 -0.05660825168731938 -0.056410290384837816 -0.055994721673215321 0.051515642702348943 0.051429376125215531 0.05148297264777546 0.051543830296755855 -0.056582753815033283 0.051440168509627238 0.051463221289921861 0.05140228677706471
leaf_weight=0.024517209152691066 0.05656137503683567 0.015683725359849632 0.040390405571088195 0.01783923408947885 0.018216477474197745 0.047673605848103762 0.029271060135215521 0.031146869529038668 0.032888361252844334 0.038144889287650585 0.017069112975150347 0.030658740550279617 0.012561765382997692 0.0090805401559919119 0.0083734884392470121 0.019540954846888781 0.011005282984115183 0.011515351361595094 0.027166604995727539 0.019871655502356589 0.011164124240167439 0.014310641679912806 0.01856868457980454
leaf_count=12 12 6 12 5 5 13 5 5 6 7 5 5 7 5 5 4 5 3 6 11 5 5 6
internal_value=2.25105e-10 0.0222901 -0.0359409 -0.0250224 -0.0254397 -0.0239486 0.00508234 0.00588506 0.00450936 0.00394033 -0.0271496 0.00519721 -0.0566596 -0.056465 -0.056228 0.0514695 0.0514339 0.0514565 0.051532 -0.0565926 0.0514436 0.051451 0.0514023
internal_weight=0.56322 0.347627 0.215593 0.141189 0.12335 0.0658901 0.218671 0.0910767 0.127595 0.0947063 0.0574595 0.0599298 0.0744047 0.0498874 0.017454 0.128955 0.0822478 0.0479954 0.0467076 0.0324334 0.03648 0.0254748 0.0342524
internal_count=160 80 80 40 35 18 40 15 25 19 17 10 40 28 10 40 30 18 10 18 15 10 12
is_linear=0
shrinkage=0.05


Tree=55
num_leaves=23
num_cat=0
split_feature=2 0 2 5 6 0 1 3 6 3 0 4 0 1 0 4 1 1 0 1 4 5
split_gain=0.169418 0.0650829 0.0184969 6.02583e-05 5.91272e-05 4.61335e-05 3.90064e-05 5.13306e-05 4.75654e-05 2.88638e-05 1.80791e-05 1.16951e-05 2.06225e-06 5.61346e-07 3.01503e-07 9.89863e-08 2.05913e-08 7.84805e-09 3.36848e-09 2.65005e-09 1.41083e-09 1.4918e-09
threshold=72.500000000000014 79.872879028320327 57.500000000000007 0.35814735293388372 2.1983588933944707 40.014465332031257 62.733404159545906 62.27971267700196 3.8469237089157109 64.031455993652358 39.482965469360359 35.818746566772468 7.5852658748626718 11.796430587768556 11.570649147033693 92.672641754150405 87.496990203857436 92.194244384765639 94.018100738525405 8.8395819664001483 89.989799499511733 0.98412311077117931
decision_type=2 2 2 2 2 2 2 2 2 2 2 2 2 2 2 2 2 2 2 2 2 2
left_child=2 6 12 10 5 11 8 -8 -2 -10 -4 -5 -1 19 -15 16 -3 20 -17 -14 -18 -22
right_child=1 15 3 4 -6 -7 7 -9 9 -11 -12 -13 13 14 -16 18 17 -19 -20 -21 21 -23
leaf_value=-0.056922978552609076 0.0033949052642803417 0.05134655706100541 -0.027183657890536436 -0.025207578624074356 -0.021741370539552357 -0.023272818951932492 0.0052966322725430939 0.0070213373664595293 0.0043457687684117178 0.0052966322725430939 -0.025207578624074356 -0.024240198788003424 -0.056491206135909092 -0.05629132190752837 -0.055885901516835437 0.051454907919782356 0.051372767928196054 0.051424201145377782 0.051483004472920896 -0.056460956532019248 0.051383053545975638 0.051404647248755535
leaf_weight=0.023101615137420595 0.046983446460217237 0.032097983872517943 0.026265913154929876 0.022817433811724186 0.02050780737772584 0.024047875078395009 0.040374336764216423 0.058840362820774317 0.031783127225935459 0.029593192972242832 0.020051409490406513 0.021145737962797284 0.011818886152468622 0.0085347521817311645 0.0078679907601326704 0.018339062109589577 0.010311666643247008 0.01079956442117691 0.025501641328446567 0.018689492135308683 0.010461534606292844 0.013415647903457284
leaf_count=12 10 12 8 7 6 7 8 10 7 5 6 6 7 5 5 4 5 3 6 11 5 5
internal_value=9.43002e-11 0.0222531 -0.0356857 -0.0248593 -0.0240947 -0.0248043 0.00526641 0.00598271 0.00461056 0.00529663 -0.0263205 -0.0252076 -0.0565363 -0.0563459 -0.05611 0.0514113 0.0513772 0.051399 0.0514713 -0.0564727 0.0513866 0.0513933
internal_weight=0.53335 0.328502 0.204849 0.134836 0.0885189 0.068011 0.207574 0.0992147 0.10836 0.0613763 0.0463173 0.0439632 0.0700127 0.0469111 0.0164027 0.120927 0.0770864 0.0449884 0.0438407 0.0305084 0.0341888 0.0238772
internal_count=160 80 80 40 26 20 40 18 22 12 14 13 40 28 10 40 30 18 10 18 15 10
is_linear=0
shrinkage=0.05


Tree=56
num_leaves=20
num_cat=0
split_feature=2 0 2 4 0 5 3 1 4 5 0 6 1 0 4 1 3 0 1
split_gain=0.159299 0.0606716 0.0175008 5.93599e-05 4.89937e-05 3.43474e-05 3.28017e-05 8.33562e-05 6.32463e-05 2.20379e-05 1.83043e-06 1.17649e-06 5.03905e-07 2.75194e-07 8.48184e-08 1.80387e-08 8.00156e-09 3.13311e-09 2.3808e-09
threshold=72.500000000000014 79.872879028320327 57.500000000000007 35.442211151123054 39.482965469360359 0.36679254472255712 59.75464057922364 63.16017150878907 64.19608306884767 0.35814735293388372 7.5852658748626718 2.1755837202072148 11.796430587768556 11.570649147033693 92.672641754150405 87.496990203857436 87.132640838623061 94.018100738525405 8.8395819664001483
decision_type=2 2 2 2 2 2 2 2 2 2 2 2 2 2 2 2 2 2 2
left_child=2 6 10 9 5 -5 -2 8 -8 -4 -1 -11 18 -14 15 -3 -17 -16 -12
right_child=1 14 3 4 -6 -7 7 -9 -10 11 12 -13 13 -15 17 16 -18 -19 -20
leaf_value=-0.0567852310422911 0.0039808287355533305 0.051293129020631323 -0.027022213729653816 -0.024773637723827201 -0.022044392716313376 -0.023409015220070287 0.0048623455587549665 0.0072186237441285959 0.0060550374374857266 -0.025328156217095499 -0.056366968309141598 -0.024773637723827201 -0.05617169785721339 -0.055773573780964397 0.051396338035752859 0.051318461308541799 0.051360402578746356 0.051424299703476631 -0.056337409921029147
leaf_weight=0.021773600950837135 0.031375996768474579 0.030100711155682802 0.024284927872940898 0.022964172530919313 0.026798121863976121 0.017112759407609701 0.068147333804517984 0.060719408094882965 0.036903645843267441 0.021900175372138619 0.011123829171992838 0.015796301420778036 0.0080311925848945975 0.007395504624582828 0.017220327630639076 0.015431696316227317 0.026765948859974742 0.023953456664457917 0.017576760030351579
leaf_count=12 7 12 8 7 8 5 15 11 7 7 7 5 5 5 4 9 9 6 11
internal_value=1.54769e-10 0.0222281 -0.0354516 -0.0247329 -0.0236997 -0.0247736 0.00546327 0.00574386 0.00489145 -0.0258476 -0.0564101 -0.0250908 -0.056225 -0.0559945 0.0513553 0.0513227 0.0513438 0.0514126 -0.0563489
internal_weight=0.505376 0.310619 0.194757 0.128856 0.0668751 0.0400769 0.197146 0.16577 0.105051 0.0619814 0.0659009 0.0376965 0.0441273 0.0154267 0.113472 0.0722984 0.0421976 0.0411738 0.0287006
internal_count=160 80 80 40 20 12 40 33 22 20 40 12 28 10 40 30 18 10 18
is_linear=0
shrinkage=0.05


Tree=57
num_leaves=23
num_cat=0
split_feature=2 0 2 4 0 5 3 6 0 1 0 6 4 5 0 1 0 4 1 3 0 1
split_gain=0.149787 0.056657 0.0165778 5.19613e-05 4.30468e-05 3.16124e-05 3.06978e-05 4.88828e-05 2.85447e-05 2.17236e-05 2.58832e-05 1.98724e-05 8.72161e-06 5.02979e-06 1.64542e-06 4.58766e-07 2.53089e-07 7.24905e-08 1.56683e-08 6.66003e-09 2.81349e-09 1.75888e-09
threshold=72.500000000000014 79.872879028320327 57.500000000000007 35.442211151123054 39.482965469360359 0.36679254472255712 64.031455993652358 3.8469237089157109 69.055473327636733 63.16017150878907 65.246723175048842 2.1983588933944707 64.341842651367202 0.36961632966995245 7.5852658748626718 11.796430587768556 11.570649147033693 92.672641754150405 87.496990203857436 87.132640838623061 94.018100738525405 8.8395819664001483
decision_type=2 2 2 2 2 2 2 2 2 2 2 2 2 2 2 2 2 2 2 2 2 2
left_child=2 6 14 11 5 -5 8 12 9 10 -2 13 -8 -4 -1 21 -17 18 -3 -20 -19 -16
right_child=1 17 3 4 -6 -7 7 -9 -10 -11 -12 -13 -14 -15 15 16 -18 20 19 -21 -22 -23
leaf_value=-0.056653689167188874 0.0025961074409414676 0.051242506844069328 -0.0268120402089435 -0.024635909850329433 -0.022021752760667951 -0.023328831305498694 0.0057426201697663454 0.0081502695756653278 0.0057426201697663454 0.0051406537050797188 0.0044825809215210703 -0.024635909850329433 0.0067265822437094702 -0.025740532328698697 -0.056244384842421259 -0.05605409091032254 -0.055661222401862935 0.051340801836364719 0.05126687394686405 0.051306850601495126 0.05136813470502416 -0.056218197963150231
leaf_weight=0.02053299336694181 0.024058619048446417 0.028258190373890102 0.020187044981867075 0.021948877722024918 0.025631058029830456 0.01635583327151835 0.025074269622564316 0.026761185377836227 0.028184048365801573 0.032672226894646883 0.0242291702888906 0.015086575644090772 0.02630110876634717 0.023940846556797624 0.010471772286109626 0.007561426842585206 0.0069554486544802785 0.016182697378098965 0.014476895099505782 0.025135783245787024 0.022512178868055344 0.01654064713511616
leaf_count=12 6 12 7 7 8 5 5 5 6 7 6 5 5 8 7 5 5 4 9 9 6 11
internal_value=9.88645e-11 0.0221966 -0.0352158 -0.0245965 -0.0236081 -0.0246359 0.00563515 0.00639172 0.00509352 0.00453869 0.00382451 -0.0256637 0.00574262 -0.0262307 -0.0562876 -0.0561065 -0.0558798 0.0513021 0.051271 0.0512912 0.0513567 -0.0562283
internal_weight=0.479059 0.293846 0.185213 0.12315 0.0639358 0.0383047 0.187281 0.0781366 0.109144 0.08096 0.0482878 0.0592145 0.0513754 0.0441279 0.0620623 0.0415293 0.0145169 0.106566 0.0678709 0.0396127 0.0386949 0.0270124
internal_count=160 80 80 40 20 12 40 15 25 19 12 20 10 15 40 28 10 40 30 18 10 18
is_linear=0
shrinkage=0.05


Tree=58
num_leaves=21
num_cat=0
split_feature=2 0 2 5 4 5 1 6 3 3 0 0 1 0 4 1 3 0 1 0
split_gain=0.141009 0.052884 0.0157071 5.0793e-05 9.03654e-05 3.61876e-05 2.85654e-05 3.96104e-05 3.88739e-05 2.2042e-05 1.20667e-05 1.47352e-06 4.16582e-07 2.2945e-07 6.29235e-08 1.37088e-08 5.57898e-09 2.6187e-09 1.48768e-09 1.53183e-08
threshold=72.500000000000014 79.872879028320327 57.500000000000007 0.39036472141742712 35.442211151123054 0.35441604256629949 62.733404159545906 3.8469237089157109 62.27971267700196 64.031455993652358 40.505910873413093 7.5852658748626718 11.796430587768556 11.570649147033693 92.672641754150405 87.496990203857436 87.132640838623061 94.018100738525405 8.8395819664001483 10.493085861206056
decision_type=2 2 2 2 2 2 2 2 2 2 2 2 2 2 2 2 2 2 2 2
left_child=2 6 11 4 10 -6 7 -2 -8 -9 -4 -1 18 -14 15 -3 -17 -16 -13 -20
right_child=1 14 3 -5 5 -7 8 9 -10 -11 -12 12 13 -15 17 16 -18 -19 19 -21
leaf_value=-0.056523247288142967 0.004008023240460421 0.051193332078920177 -0.026967808756087699 -0.021737534105139643 -0.024965980449646111 -0.023300358308537873 0.0058504094315453611 0.0049292163360028915 0.0074626665161227597 0.0058504094315453611 -0.025231273459809418 -0.056124853699225791 -0.055938539040893631 -0.0555528000425397 0.051287381685272915 0.05121685533756655 0.051255098973573811 0.051314577277308586 -0.056112447198119024 -0.056034598052281094
leaf_weight=0.019379493081942201 0.040166252059862018 0.02652916603256017 0.033641060814261436 0.01487723970785737 0.01522081415168941 0.039777082391083241 0.034588311100378633 0.027197297429665923 0.050557250156998634 0.025445800740271807 0.014237420633435249 0.0098651122534647584 0.0071220049867406487 0.0065447075758129358 0.01521141454577446 0.013584104250185192 0.023606873350217938 0.021172045497223735 0.0088677939493209124 0.0067146955989301213
leaf_count=12 10 12 12 5 5 13 8 7 10 5 5 7 5 5 4 9 9 6 6 5
internal_value=-7.66244e-11 0.0221775 -0.0349885 -0.0244683 -0.0248632 -0.0234805 0.0058231 0.00521634 0.00648448 0.00585041 -0.0264514 -0.0561667 -0.0559901 -0.0557674 0.0512507 0.0512208 0.0512404 0.0513032 -0.0561097 -0.0561
internal_weight=0.454306 0.278059 0.176247 0.117754 0.102876 0.0549979 0.177955 0.0928094 0.0851456 0.0526431 0.0478785 0.0584938 0.0391143 0.0136667 0.100104 0.0637201 0.037191 0.0363835 0.0254476 0.0155825
internal_count=160 80 80 40 35 18 40 22 18 12 17 40 28 10 40 30 18 10 18 11
is_linear=0
shrinkage=0.05


Tree=59
num_leaves=22
num_cat=0
split_feature=2 0 2 5 6 0 3 1 4 0 4 0 1 0 4 1 1 0 1 4 5
split_gain=0.132773 0.0494087 0.0149024 4.43066e-05 4.46918e-05 3.37569e-05 2.46624e-05 6.42165e-05 4.88186e-05 1.27084e-05 9.08039e-06 1.3179e-06 3.87662e-07 1.99824e-07 5.41835e-08 1.20026e-08 4.11866e-09 2.42409e-09 1.53207e-09 9.23321e-10 7.67564e-10
threshold=72.500000000000014 79.872879028320327 57.500000000000007 0.35814735293388372 2.1983588933944707 40.014465332031257 59.75464057922364 63.16017150878907 64.19608306884767 39.482965469360359 35.818746566772468 7.5852658748626718 11.796430587768556 11.570649147033693 92.672641754150405 87.496990203857436 92.194244384765639 94.018100738525405 8.8395819664001483 89.989799499511733 0.98412311077117931
decision_type=2 2 2 2 2 2 2 2 2 2 2 2 2 2 2 2 2 2 2 2 2
left_child=2 6 11 9 5 10 -2 8 -8 -4 -5 -1 18 -14 15 -3 19 -16 -13 -17 -21
right_child=1 14 3 4 -6 -7 7 -9 -10 -11 -12 12 13 -15 17 16 -18 -19 -20 20 -22
leaf_value=-0.056396084101124823 0.0046101392557536215 0.051146333501199376 -0.02649198542265498 -0.02465599523511923 -0.021373793757275644 -0.022830526015191401 0.0054359392255836888 0.0076569313858872411 0.0065548772505158968 -0.024663277899276886 -0.023743260625155319 -0.056011722334050718 -0.055825794050604338 -0.055449708178496121 0.051236016783152566 0.051169042619679597 0.051212281917020513 0.05126299692957742 -0.055985791098215734 0.051178383686022282 0.051196792615590007
leaf_weight=0.018304207595065236 0.026873000897467136 0.024920204072259367 0.021940731909126043 0.01902986504137516 0.017135208239778876 0.020084194140508771 0.058377292472869158 0.052205916959792376 0.031665778020396829 0.016755635850131512 0.017664724728092551 0.0093055517645552754 0.0067101657623425126 0.006164231919683516 0.014304988319054246 0.0079842001432552934 0.0084051513113081455 0.019916391815058887 0.014684670721180737 0.0081146332668140531 0.010439623962156475
leaf_count=12 7 12 8 7 6 7 15 11 7 6 6 7 5 5 4 5 3 6 11 5 5
internal_value=4.38935e-11 0.0221571 -0.0347595 -0.0243294 -0.0236118 -0.0242873 0.0059993 0.00626174 0.00545282 -0.0257001 -0.024656 -0.0560493 -0.0558771 -0.0556557 0.0512015 0.0511728 0.0511918 0.0512517 -0.0559958 0.0511816 0.0511877
internal_weight=0.430986 0.263207 0.167779 0.11261 0.073914 0.0567788 0.169122 0.142249 0.0900431 0.0386964 0.0366946 0.0551688 0.0368646 0.0128744 0.0940852 0.0598638 0.0349436 0.0342214 0.0239902 0.0265385 0.0185543
internal_count=160 80 80 40 26 20 40 33 22 14 13 40 28 10 40 30 18 10 18 15 10
is_linear=0
shrinkage=0.05


Tree=60
num_leaves=26
num_cat=0
split_feature=2 0 2 4 0 5 3 6 0 1 0 5 4 0 6 1 0 4 1 1 0 1 0 4 5
split_gain=0.125133 0.0462167 0.0141179 4.00629e-05 3.44006e-05 2.53944e-05 2.29354e-05 4.31425e-05 2.25951e-05 1.71815e-05 2.03892e-05 1.59661e-05 5.80004e-06 1.1707e-06 6.58275e-07 3.49178e-07 1.82584e-07 4.6417e-08 1.04202e-08 3.47462e-09 2.19267e-09 1.34902e-09 1.24021e-08 8.08086e-10 6.46855e-10
threshold=72.500000000000014 79.872879028320327 57.500000000000007 35.442211151123054 39.482965469360359 0.36679254472255712 64.031455993652358 3.8469237089157109 69.055473327636733 63.16017150878907 65.246723175048842 0.35814735293388372 64.341842651367202 7.5852658748626718 2.1755837202072148 11.796430587768556 11.570649147033693 92.672641754150405 87.496990203857436 92.194244384765639 94.018100738525405 8.8395819664001483 10.493085861206056 89.989799499511733 0.98412311077117931
decision_type=2 2 2 2 2 2 2 2 2 2 2 2 2 2 2 2 2 2 2 2 2 2 2 2 2
left_child=2 6 13 11 5 -5 8 12 9 10 -2 -4 -8 -1 -13 21 -17 18 -3 23 -19 -15 -23 -20 -25
right_child=1 17 3 4 -6 -7 7 -9 -10 -11 -12 14 -14 15 -16 16 -18 20 19 -21 -22 22 -24 24 -26
leaf_value=-0.056266256764214199 0.0032540450119815899 0.051101741916142342 -0.026310810815617883 -0.024251883871758681 -0.021770668105359665 -0.023011275988559173 0.0062653876198166189 0.0086630711562031629 0.0062653876198166189 0.0056934749144934658 0.0050633744441350541 -0.024706431332790914 0.0071894807475514442 -0.055894167199238148 -0.024251883871758681 -0.055712603148720799 -0.055343372808356085 0.051187081307975793 0.051123561964274068 0.051164844077153354 0.051213528481399997 -0.055881637664008658 -0.055806987232235754 0.051132616478763195 0.051150232526614964
leaf_weight=0.017285673879086971 0.020584240090101957 0.023433754686266184 0.020284887170419097 0.019201507791876793 0.022432019235566258 0.014319475740194321 0.021531498525291681 0.02304450049996376 0.024214371107518673 0.028055774513632059 0.020755495643243194 0.018285223515704274 0.02261660248041153 0.0087761409813538194 0.013203562004491687 0.0063279616879299283 0.0058079131413251162 0.013466564938426018 0.0075033437460660926 0.007906306185759604 0.018747424939647317 0.00788702885620296 0.0059536985354498037 0.0076286834664642802 0.0098211491713300347
leaf_count=12 6 12 8 7 8 5 5 5 6 7 6 7 5 7 5 5 5 4 5 3 6 6 5 5 5
internal_value=3.64621e-11 0.0221373 -0.0345448 -0.0242144 -0.0232869 -0.0242519 0.00616594 0.00687075 0.00566002 0.00512156 0.00443327 -0.0252168 0.00626539 -0.05593 -0.0245121 -0.0557627 -0.0555464 0.0511546 0.0511272 0.0511454 0.0512025 -0.0558788 -0.0558691 0.0511357 0.0511417
internal_weight=0.409075 0.24931 0.159765 0.107727 0.055953 0.033521 0.160802 0.0671926 0.0936099 0.0693955 0.0413397 0.0517737 0.0441481 0.0520384 0.0314888 0.0347527 0.0121359 0.0885072 0.0562932 0.0328595 0.032214 0.0226169 0.0138407 0.0249532 0.0174498
internal_count=160 80 80 40 20 12 40 15 25 19 12 20 10 40 12 28 10 40 30 18 10 18 11 15 10
is_linear=0
shrinkage=0.05


Tree=61
num_leaves=23
num_cat=0
split_feature=2 0 2 5 4 5 1 6 3 3 0 0 1 0 4 1 1 0 1 0 4 5
split_gain=0.118052 0.0432142 0.0133811 3.88678e-05 7.20536e-05 2.85566e-05 2.11204e-05 3.28067e-05 2.96282e-05 1.70615e-05 9.38185e-06 1.04663e-06 3.14706e-07 1.67244e-07 4.03478e-08 9.13924e-09 2.96207e-09 2.0397e-09 1.03913e-09 9.40869e-09 6.81301e-10 5.19673e-10
threshold=72.500000000000014 79.872879028320327 57.500000000000007 0.39036472141742712 35.442211151123054 0.35441604256629949 62.733404159545906 3.8469237089157109 62.27971267700196 64.031455993652358 40.505910873413093 7.5852658748626718 11.796430587768556 11.570649147033693 92.672641754150405 87.496990203857436 92.194244384765639 94.018100738525405 8.8395819664001483 10.493085861206056 89.989799499511733 0.98412311077117931
decision_type=2 2 2 2 2 2 2 2 2 2 2 2 2 2 2 2 2 2 2 2 2 2
left_child=2 6 11 4 10 -6 7 -2 -8 -9 -4 -1 18 -14 15 -3 20 -16 -13 -20 -17 -22
right_child=1 14 3 -5 5 -7 8 9 -10 -11 -12 12 13 -15 17 16 -18 -19 19 -21 21 -23
leaf_value=-0.05614002629249315 0.0045868484876452819 0.051058423124623567 -0.026476780271678393 -0.021551820280227205 -0.024572059917006533 -0.023012545337446195 0.0063709263874841132 0.005478887437564698 0.0078819630453392884 0.0063709263874841132 -0.024840221093653192 -0.055777483996598667 -0.055601131866666667 -0.055238366133892151 0.05114004397768547 0.051079495518321687 0.051119184406356634 0.051166329582879311 -0.055766163083152277 -0.055699178953577538 0.051088247459836769 0.051104881870083434
leaf_weight=0.01634007750544697 0.034426877973601222 0.022036793758161366 0.029426397522911429 0.013032454065978527 0.013338135089725256 0.034831692231819034 0.0297053346876055 0.023327396251261234 0.043536296579986811 0.021931283175945282 0.012467464664950967 0.0082805384881794453 0.0059703172883018851 0.0054732767166569829 0.012678977567702532 0.0070537005085498086 0.0074380459263920775 0.017659590695984662 0.0074439505115151405 0.0056153676705434918 0.00717256189091131 0.0092379244160838425
leaf_count=12 10 12 12 5 5 13 8 7 10 5 5 7 5 5 4 5 3 6 6 5 5 5
internal_value=-4.33177e-11 0.0221281 -0.034337 -0.024104 -0.0244733 -0.0231544 0.00634614 0.00578281 0.00695904 0.00637093 -0.0259897 -0.0558131 -0.0556502 -0.0554386 0.0511094 0.051083 0.0511006 0.0511553 -0.0557636 -0.0557548 0.0510914 0.051097
internal_weight=0.388424 0.236205 0.15222 0.103096 0.0900637 0.0481698 0.152927 0.0796856 0.0732416 0.0452587 0.0418939 0.0491235 0.0327835 0.0114436 0.0832776 0.052939 0.0309022 0.0303386 0.0213399 0.0130593 0.0234642 0.0164105
internal_count=160 80 80 40 35 18 40 22 18 12 17 40 28 10 40 30 18 10 18 11 15 10
is_linear=0
shrinkage=0.05


Tree=62
num_leaves=23
num_cat=0
split_feature=2 0 2 5 6 0 3 1 6 3 0 4 0 1 0 4 1 1 0 1 4 5
split_gain=0.111376 0.040443 0.0127041 3.36579e-05 3.57267e-05 2.67044e-05 1.92893e-05 2.97563e-05 2.4041e-05 1.49756e-05 9.73537e-06 6.90254e-06 9.34255e-07 2.9217e-07 1.4571e-07 3.48442e-08 8.00666e-09 2.56695e-09 1.8766e-09 1.01528e-09 6.31608e-10 4.46395e-10
threshold=72.500000000000014 79.872879028320327 57.500000000000007 0.35814735293388372 2.1983588933944707 40.014465332031257 66.837356567382827 62.733404159545906 3.8469237089157109 62.27971267700196 39.482965469360359 35.818746566772468 7.5852658748626718 11.796430587768556 11.570649147033693 92.672641754150405 87.496990203857436 92.194244384765639 94.018100738525405 8.8395819664001483 89.989799499511733 0.98412311077117931
decision_type=2 2 2 2 2 2 2 2 2 2 2 2 2 2 2 2 2 2 2 2 2 2
left_child=2 6 12 10 5 11 7 8 -2 -9 -4 -5 -1 19 -15 16 -3 20 -17 -14 -18 -22
right_child=1 15 3 4 -6 -7 -8 9 -10 -11 -12 -13 13 14 -16 18 17 -19 -20 -21 21 -23
leaf_value=-0.056017461291118412 0.004433467583351035 0.051016973239051015 -0.025994989319157055 -0.024282129872294684 -0.021172921030542604 -0.02256408408821068 0.0077811706189963737 0.0062613542703532522 0.0062613542703532522 0.0070168315293843656 -0.02428517865117933 -0.023423106980252684 -0.055668016238001231 -0.055492763707902307 -0.055139399836694948 0.051094848962011288 0.051037306214173996 0.051075342720211574 0.051120826939863785 -0.055644987177510687 0.051045845650051436 0.051061901238930833
leaf_weight=0.015457784873433411 0.028824546374380589 0.020733679411932826 0.019219439942389727 0.016661396017298102 0.015021840110421181 0.017598892096430063 0.024897887604311109 0.028247802751138806 0.034610286587849259 0.028872185386717319 0.014687280869111419 0.015482926508411765 0.0078235673136077821 0.0056341394665651023 0.0051633721450343728 0.01194175542332232 0.0066317776800133279 0.0070027903420850626 0.016637204156722873 0.012326874188147485 0.0067478722194209704 0.008698773686774075
leaf_count=12 9 12 8 7 6 7 6 8 10 7 6 6 7 5 5 4 5 3 6 11 5 5
internal_value=1.39164e-10 0.0221168 -0.0341249 -0.0239781 -0.0233099 -0.0239552 0.00651416 0.00625249 0.00550588 0.00701683 -0.0252544 -0.0242821 -0.0557 -0.0555415 -0.0553316 0.051066 0.0510407 0.0510576 0.05111 -0.0556539 0.0510488 0.0510544
internal_weight=0.368924 0.223847 0.145078 0.0986718 0.0647651 0.0497432 0.145453 0.120555 0.0634348 0.05712 0.0339067 0.0321443 0.0464057 0.030948 0.0107975 0.0783939 0.0498149 0.0290812 0.028579 0.0201504 0.0220784 0.0154466
internal_count=160 80 80 40 26 20 40 34 19 15 14 13 40 28 10 40 30 18 10 18 15 10
is_linear=0
shrinkage=0.05


Tree=63
num_leaves=24
num_cat=0
split_feature=2 0 2 4 0 5 3 1 4 5 0 6 1 0 4 6 1 1 0 1 0 4 5
split_gain=0.10525 0.0378376 0.0120379 3.10506e-05 2.80819e-05 2.0471e-05 1.79369e-05 4.58006e-05 3.64707e-05 1.19845e-05 8.26441e-07 5.40247e-07 2.61898e-07 1.3262e-07 2.98488e-08 1.20363e-08 6.93784e-09 2.28971e-09 1.79773e-09 8.58816e-10 7.63266e-09 5.72454e-10 3.7785e-10
threshold=72.500000000000014 79.872879028320327 57.500000000000007 35.442211151123054 39.482965469360359 0.36679254472255712 59.75464057922364 63.16017150878907 64.19608306884767 0.35814735293388372 7.5852658748626718 2.1755837202072148 11.796430587768556 11.570649147033693 92.672641754150405 3.7650185823440556 87.496990203857436 92.194244384765639 94.018100738525405 8.8395819664001483 10.493085861206056 89.989799499511733 0.98412311077117931
decision_type=2 2 2 2 2 2 2 2 2 2 2 2 2 2 2 2 2 2 2 2 2 2 2
left_child=2 6 10 9 5 -5 -2 8 -8 -4 -1 -11 19 -14 16 -9 -3 21 -16 -12 -21 -18 -23
right_child=1 14 3 4 -6 -7 7 15 -10 11 12 -13 13 -15 18 -17 17 -19 -20 20 -22 22 -24
leaf_value=-0.055891489236448669 0.005388255264187217 0.050977235327753181 -0.02584083486993316 -0.023921431837481008 -0.021550645113468318 -0.022736038475474663 0.0061674071348642376 0.0082177361742328311 0.0072183350911197864 -0.024364434043053482 -0.055553958399755313 -0.023921431837481008 -0.055383601131957463 -0.055037703804304061 0.051050801977090214 0.0082709097182387843 0.050996742112742993 0.051033032942141121 0.051076996194981086 -0.055543061873951138 -0.055479072571368152 0.051004912144623965 0.051020202260118802
leaf_weight=0.01462426211219281 0.021946105174720287 0.019520617090165615 0.017782755196094513 0.016848604194819927 0.019677820848301053 0.01257197605445981 0.047688003396615386 0.019720343872904778 0.025939627084881067 0.016036107903346419 0.0073915668181143692 0.011574663454666734 0.0053221214329823852 0.0048720608465373516 0.011248160619288683 0.02311931992881 0.0062375331181101492 0.0065984643297269932 0.015682731464039534 0.0066415737965144217 0.0049976707668974996 0.0063493177294731149 0.0081923677935265005
leaf_count=12 7 12 8 7 8 5 15 5 7 7 7 5 5 5 4 6 5 3 6 6 5 5 5
internal_value=-1.18037e-10 0.0221179 -0.0339333 -0.0238859 -0.0230144 -0.0239214 0.00669948 0.00694656 0.00619024 -0.0248285 -0.0555846 -0.0241765 -0.0554311 -0.0552266 0.0510241 0.00824643 0.051 0.0510162 0.0510661 -0.0555406 -0.0555322 0.0510076 0.0510131
internal_weight=0.350584 0.212243 0.138341 0.0944919 0.0490984 0.0294206 0.138413 0.116467 0.0736276 0.0453935 0.0438493 0.0276108 0.029225 0.0101942 0.0738292 0.0428397 0.0468983 0.0273777 0.0269309 0.0190308 0.0116392 0.0207792 0.0145417
internal_count=160 80 80 40 20 12 40 33 22 20 40 12 28 10 40 11 30 18 10 18 11 15 10
is_linear=0
shrinkage=0.05


Tree=64
num_leaves=22
num_cat=0
split_feature=2 0 2 5 4 5 3 1 6 3 0 0 1 0 4 1 1 0 1 4 5
split_gain=0.099416 0.0354771 0.0114223 2.94245e-05 5.71821e-05 2.24764e-05 1.63046e-05 2.4747e-05 2.06838e-05 1.287e-05 7.38562e-06 7.38548e-07 2.37712e-07 1.21483e-07 2.57028e-08 6.05026e-09 1.93573e-09 1.61502e-09 5.4463e-10 5.07517e-10 3.19909e-10
threshold=72.500000000000014 79.872879028320327 57.500000000000007 0.39036472141742712 35.442211151123054 0.35441604256629949 66.837356567382827 62.733404159545906 3.8469237089157109 62.27971267700196 40.505910873413093 7.5852658748626718 11.796430587768556 11.570649147033693 92.672641754150405 87.496990203857436 92.194244384765639 94.018100738525405 8.8395819664001483 89.989799499511733 0.98412311077117931
decision_type=2 2 2 2 2 2 2 2 2 2 2 2 2 2 2 2 2 2 2 2 2
left_child=2 6 11 4 10 -6 7 8 -2 -9 -4 -1 18 -14 15 -3 19 -16 -13 -17 -21
right_child=1 14 3 -5 5 -7 -8 9 -10 -11 -12 12 13 -15 17 16 -18 -19 -20 20 -22
leaf_value=-0.055770702400099639 0.004834940062240888 0.050939486628418233 -0.026026009092397037 -0.021409012842825349 -0.024216080157826059 -0.022765203599102408 0.0080741674181648466 0.0066093182652832835 0.0066093182652832835 0.0073361989504774827 -0.024475674027731795 -0.055441474709085919 -0.055276630055714052 -0.054936572869045124 0.051009626142138678 0.050958252245494953 0.050992954754035758 0.051035191083078579 -0.055423620591099301 0.050966197984358974 0.050980881566232567
leaf_weight=0.013842010928783566 0.026056569302454591 0.018394759332295507 0.025799256167374551 0.011447143973782659 0.011716225184500217 0.030572120100259781 0.022583170561119914 0.025573370512574911 0.031343316193670034 0.026176452171057463 0.010939334286376834 0.0069849014980718485 0.0050293868989683688 0.0045991408987902105 0.010608440497890115 0.0058747507282532743 0.006219955801498144 0.014791297377087176 0.010994788259267807 0.0059812192339450121 0.0077219975064508617
leaf_count=12 9 12 12 5 5 13 6 8 10 7 5 7 5 5 4 5 3 6 11 5 5
internal_value=-1.50957e-11 0.0221068 -0.0337365 -0.0237782 -0.0241214 -0.0228678 0.00685125 0.00659823 0.00588244 0.0073362 -0.0255644 -0.0554726 -0.0553232 -0.0551227 0.0509844 0.0509614 0.050977 0.0510245 -0.0554306 0.0509688 0.0509741
internal_weight=0.33325 0.201325 0.131924 0.0904741 0.0790269 0.0422883 0.131733 0.10915 0.0573999 0.0517498 0.0367386 0.0414502 0.0276082 0.00962853 0.0695924 0.0441927 0.0257979 0.0253997 0.0179797 0.019578 0.0137032
internal_count=160 80 80 40 35 18 40 34 19 15 17 40 28 10 40 30 18 10 18 15 10
is_linear=0
shrinkage=0.05


Tree=65
num_leaves=25
num_cat=0
split_feature=2 0 2 5 0 6 4 3 6 0 1 0 4 0 1 0 4 4 1 1 0 1 4 5
split_gain=0.0939759 0.0332441 0.0108509 2.59591e-05 5.44895e-05 1.60635e-05 1.55924e-05 1.54152e-05 3.5148e-05 1.61424e-05 1.21754e-05 1.52868e-05 2.73267e-06 6.58534e-07 2.19922e-07 1.05921e-07 3.19116e-08 2.20945e-08 5.23577e-09 1.73562e-09 1.53607e-09 5.46802e-10 4.5646e-10 2.70974e-10
threshold=72.500000000000014 79.872879028320327 57.500000000000007 0.364504024386406 40.014465332031257 2.1755837202072148 35.818746566772468 64.031455993652358 3.8469237089157109 69.055473327636733 63.16017150878907 65.246723175048842 64.341842651367202 7.5852658748626718 11.796430587768556 11.570649147033693 34.904014587402351 92.672641754150405 87.496990203857436 92.194244384765639 94.018100738525405 8.8395819664001483 89.989799499511733 0.98412311077117931
decision_type=2 2 2 2 2 2 2 2 2 2 2 2 2 2 2 2 2 2 2 2 2 2 2 2
left_child=2 7 13 5 6 16 -5 9 12 10 11 -2 -9 -1 21 -16 -4 18 -3 22 -19 -15 -20 -24
right_child=1 17 3 4 -6 -7 -8 8 -10 -11 -12 -13 -14 14 15 -17 -18 20 19 -21 -22 -23 23 -25
leaf_value=-0.05565265965060593 0.0042004735798385718 0.050902975310997883 -0.02566379912424574 -0.023813217788973981 -0.020682042493827088 -0.023813217788973981 -0.022272189387574842 0.0071084089563523889 0.0095135446875117442 0.0071084089563523889 0.0065666923803917934 0.0059662735517212384 0.0079479234588070158 -0.055335777304842418 -0.055172251319973213 -0.054841351802863307 -0.025541205867591496 0.050969281696166636 0.050920958039984067 0.050954103859544887 0.050994956406478789 -0.055317383227134503 0.050928534718855216 0.050942495273459315
leaf_weight=0.013114167784806341 0.015967184910550714 0.017335066688247025 0.010040637454949319 0.014618047047406435 0.017873251345008612 0.014736698474735022 0.01812397874891758 0.016789005603641272 0.018055943073704839 0.018895889632403851 0.021883846493437886 0.016125652240589261 0.017672111978754401 0.0066091552143916479 0.0047535539488308132 0.0043454686529003084 0.011262640822678804 0.010000688955187798 0.0055309563176706425 0.0058660760987550012 0.013954184018075466 0.010394931014161557 0.0056338816648349166 0.0072794155566953123
leaf_count=12 6 12 5 7 8 7 8 5 5 6 7 6 5 7 5 5 5 4 5 3 6 11 5 5
internal_value=9.58685e-11 0.0221056 -0.0335415 -0.0236656 -0.0229353 -0.0246911 -0.0238132 0.0070172 0.00767025 0.00654657 0.00602498 0.00536585 0.00710841 -0.0553636 -0.0552184 -0.05502 -0.025599 0.050946 0.050924 0.0509389 0.0509842 -0.0553245 0.0509309 0.0509361
internal_weight=0.316862 0.19099 0.125873 0.0866553 0.0506153 0.03604 0.032742 0.12539 0.0525171 0.0728726 0.0539767 0.0320928 0.0344611 0.0392173 0.0261031 0.00909902 0.0213033 0.0656003 0.0416454 0.0243103 0.0239549 0.0170041 0.0184443 0.0129133
internal_count=160 80 80 40 23 17 15 40 15 25 19 12 10 40 28 10 10 40 30 18 10 18 15 10
is_linear=0
shrinkage=0.05


Tree=66
num_leaves=23
num_cat=0
split_feature=2 0 2 5 4 5 0 3 1 6 0 0 1 0 4 1 1 0 1 0 4 5
split_gain=0.0889434 0.031168 0.0102868 2.35855e-05 4.76889e-05 1.8345e-05 1.40135e-05 2.56623e-05 1.15591e-05 1.06926e-05 5.86383e-06 5.83964e-07 2.01134e-07 9.75702e-08 1.92862e-08 4.58865e-09 1.50049e-09 1.41194e-09 5.03811e-10 4.60245e-09 3.86514e-10 2.17109e-10
threshold=72.500000000000014 79.872879028320327 57.500000000000007 0.39036472141742712 35.442211151123054 0.35441604256629949 69.547748565673842 62.27971267700196 62.324077606201179 3.9329692125320439 40.505910873413093 7.5852658748626718 11.796430587768556 11.570649147033693 92.672641754150405 87.496990203857436 92.194244384765639 94.018100738525405 8.8395819664001483 10.493085861206056 89.989799499511733 0.98412311077117931
decision_type=2 2 2 2 2 2 2 2 2 2 2 2 2 2 2 2 2 2 2 2 2 2
left_child=2 6 11 4 10 -6 7 9 -9 -2 -4 -1 18 -14 15 -3 20 -16 -13 -20 -17 -22
right_child=1 14 3 -5 5 -7 -8 8 -10 -11 -12 12 13 -15 17 16 -18 -19 19 -21 21 -23
leaf_value=-0.055531889394044978 0.0055127032488162288 0.050867858498562735 -0.025711707515619572 -0.021370993361794724 -0.023996453381635491 -0.022638226771761583 0.0084177702168983098 0.0068994526255591734 0.0076825719186231732 0.0068994526255591734 -0.024269546618722403 -0.055227034514785223 -0.055066150338344722 -0.054739873117183105 0.050931305972005007 0.050885196602263316 0.050917084709927646 0.050956641096968729 -0.055217957491916138 -0.055163886366402216 0.05089248015871875 0.05090563900429268
leaf_weight=0.012423187377862632 0.029272620566189289 0.01634206750895828 0.023650176357477903 0.01050971238873899 0.010755571071058512 0.028068724321201444 0.019334351411089301 0.024567142827436328 0.027304881019517779 0.018930858699604869 0.010040956316515803 0.006252408609725534 0.004494894586969167 0.0041034576715901494 0.0094385682605206966 0.0052130349213257423 0.00553216878324747 0.013176684500649571 0.0056181141408160329 0.0042125199106521904 0.0053113460307940841 0.0068651584442704916
leaf_count=12 11 12 12 5 5 13 6 8 8 7 5 7 5 5 4 5 3 6 6 5 5 5
internal_value=-1.388e-11 0.0221096 -0.0333659 -0.0235846 -0.0239055 -0.022711 0.00718545 0.00694737 0.00768257 0.00611633 -0.0252819 -0.0552523 -0.0551116 -0.0549164 0.0509093 0.0508881 0.0509025 0.0509461 -0.0552159 -0.0552089 0.0508948 0.0508998
internal_weight=0.301419 0.181289 0.12013 0.0830251 0.0725154 0.0388243 0.11941 0.100076 0.051872 0.0482035 0.0336911 0.0371046 0.0246814 0.00859835 0.061879 0.0392638 0.0229217 0.0226153 0.016083 0.00983063 0.0173895 0.0121765
internal_count=160 80 80 40 35 18 40 34 16 18 17 40 28 10 40 30 18 10 18 11 15 10
is_linear=0
shrinkage=0.05


Tree=67
num_leaves=23
num_cat=0
split_feature=2 0 2 5 6 0 3 1 4 0 4 0 1 6 0 4 1 1 0 1 4 5
split_gain=0.0841614 0.0292388 0.00977771 2.04684e-05 2.61732e-05 1.77419e-05 1.26467e-05 3.62672e-05 2.61745e-05 6.9241e-06 3.3483e-06 5.20558e-07 1.85967e-07 8.79674e-08 8.51404e-08 1.66035e-08 4.0168e-09 1.2901e-09 1.22752e-09 4.64837e-10 3.32823e-10 1.84193e-10
threshold=72.500000000000014 79.872879028320327 57.500000000000007 0.35814735293388372 2.1983588933944707 40.014465332031257 59.75464057922364 63.16017150878907 64.19608306884767 39.482965469360359 35.818746566772468 7.5852658748626718 11.796430587768556 3.7650185823440556 11.570649147033693 92.672641754150405 87.496990203857436 92.194244384765639 94.018100738525405 8.8395819664001483 89.989799499511733 0.98412311077117931
decision_type=2 2 2 2 2 2 2 2 2 2 2 2 2 2 2 2 2 2 2 2 2 2
left_child=2 6 11 9 5 10 -2 8 -8 -4 -5 -1 19 -9 -14 16 -3 20 -17 -13 -18 -22
right_child=1 15 3 4 -6 -7 7 13 -10 -11 -12 12 14 -15 -16 18 17 -19 -20 -21 21 -23
leaf_value=-0.055417111850059146 0.0061280713975895781 0.050834142286592832 -0.025282408640045242 -0.02374107627823455 -0.020860054982602835 -0.022186018633277835 0.0068504737296385815 0.008761263536398313 0.0078486317606630742 -0.02374107627823455 -0.022963547455756194 -0.05512351445869023 -0.05496449883698698 0.0089196635904172927 -0.054647031898585607 0.050894846164175903 0.050850845233631994 0.050881327317921471 0.050919158731927573 -0.055105593793841494 0.050857863664618731 0.050870450423872872
leaf_weight=0.011779635038692504 0.017993211047723889 0.015413149434607476 0.015490117133595049 0.013412281754426658 0.012115046847611666 0.014188623637892306 0.039115424966439605 0.016233314061537385 0.021319286897778511 0.011844264809042215 0.01249911286868155 0.0059218819951638588 0.0042527504847384989 0.019051766023039818 0.0038812838611193001 0.0089121817145496607 0.0049152480205520979 0.0052206823602318755 0.012436290737241507 0.0093031975557096303 0.0050082707311958075 0.0064779120148159564
leaf_count=12 7 12 8 7 6 7 15 5 7 6 6 7 5 6 5 4 5 3 6 11 5 5
internal_value=-1.20353e-10 0.0221117 -0.0331799 -0.023477 -0.0228967 -0.023512 0.00734426 0.00757288 0.00685047 -0.0245855 -0.0237411 -0.0551461 -0.0550094 0.00884679 -0.0548164 0.0508739 0.0508536 0.0508675 0.050909 -0.0551126 0.0508602 0.0508649
internal_weight=0.286785 0.172097 0.114688 0.0795494 0.0522151 0.0401 0.113713 0.0957198 0.0604347 0.0273344 0.0259114 0.0351387 0.0233591 0.0352851 0.00813403 0.0583837 0.0370353 0.0216221 0.0213485 0.0152251 0.0164014 0.0114862
internal_count=160 80 80 40 26 20 40 33 22 14 13 40 28 11 10 40 30 18 10 18 15 10
is_linear=0
shrinkage=0.05


Tree=68
num_leaves=24
num_cat=0
split_feature=2 0 2 4 0 5 3 1 6 3 6 5 0 1 0 4 1 0 1 1 0 4 5
split_gain=0.0796737 0.0274722 0.00928297 1.94806e-05 2.02005e-05 1.40415e-05 1.15736e-05 1.96339e-05 1.5373e-05 8.99759e-06 7.96232e-06 1.84761e-06 4.60331e-07 1.67093e-07 7.75532e-08 1.43348e-08 3.5077e-09 1.10978e-09 1.10267e-09 3.54426e-10 3.43413e-09 2.93099e-10 1.54643e-10
threshold=72.500000000000014 79.872879028320327 57.500000000000007 35.442211151123054 39.482965469360359 0.36679254472255712 66.837356567382827 62.733404159545906 3.8469237089157109 62.27971267700196 2.1983588933944707 0.36961632966995245 7.5852658748626718 11.796430587768556 11.570649147033693 92.672641754150405 87.496990203857436 94.018100738525405 92.194244384765639 8.8395819664001483 10.493085861206056 89.989799499511733 0.98412311077117931
decision_type=2 2 2 2 2 2 2 2 2 2 2 2 2 2 2 2 2 2 2 2 2 2 2
left_child=2 6 12 10 5 -5 7 8 -2 -9 11 -4 -1 19 -15 16 -3 -17 21 -14 -21 -18 -23
right_child=1 15 3 4 -6 -7 -8 9 -10 -11 -12 -13 13 14 -16 17 18 -19 -20 20 -22 22 -24
leaf_value=-0.055300381238918561 0.005546574460473172 0.05080216980197888 -0.025127615544799871 -0.023418288970330211 -0.021233015500962422 -0.022325652235646316 0.0086200822253748692 0.0072395999163227288 0.0072395999163227288 0.0079351027649128044 -0.023418288970330211 -0.024301103267163532 -0.055016831578283243 -0.054862735677842847 -0.054552168730147989 0.050860003463232474 0.050818233876288879 0.050883785496725675 0.050847392021647897 -0.055008790016113508 -0.054959489429362102 0.050825030438433984 0.050837070870881164
leaf_weight=0.011167401215061545 0.021360781975090504 0.014551483443938196 0.012463291874155402 0.013598314370028675 0.015887998626567423 0.010158322285860777 0.018615634646266699 0.021013045450672507 0.025762704433873296 0.02157899783924222 0.0093366532819345593 0.014780342578887939 0.0056073309388011703 0.004026182636152952 0.0036712360451929271 0.0084211255889385939 0.0046381286811083564 0.011750177771318704 0.0049299413803964845 0.0050371414399705827 0.0037664826377294958 0.004727367137093097 0.0061180633492767811
leaf_count=12 9 12 7 7 8 5 6 8 10 7 5 8 7 5 5 4 5 6 3 6 5 5 5
internal_value=-1.84919e-11 0.0221088 -0.0330049 -0.0233861 -0.0226183 -0.0234183 0.00748554 0.00725012 0.0065441 0.0079351 -0.0242183 -0.0246792 -0.0550387 -0.0549065 -0.0547185 0.0508403 0.0508209 0.0508739 0.0508343 -0.055007 -0.0550007 0.0508273 0.0508318
internal_weight=0.272968 0.163467 0.109501 0.0762249 0.0396446 0.0237566 0.108331 0.0897155 0.0471235 0.042592 0.0365803 0.0272436 0.0332758 0.0221084 0.00769742 0.0551363 0.034965 0.0201713 0.0204135 0.014411 0.00880362 0.0154836 0.0108454
internal_count=160 80 80 40 20 12 40 34 19 15 20 15 40 28 10 40 30 10 18 18 11 15 10
is_linear=0
shrinkage=0.05


Tree=69
num_leaves=25
num_cat=0
split_feature=2 0 2 5 4 5 3 6 0 1 0 0 4 0 1 0 4 1 0 1 4 1 0 5
split_gain=0.0755049 0.0257894 0.00881732 1.78944e-05 3.74556e-05 1.45081e-05 1.07672e-05 2.92177e-05 1.1821e-05 9.79164e-06 1.20628e-05 4.57377e-06 1.15519e-06 4.08916e-07 1.51519e-07 6.99311e-08 1.23752e-08 3.05249e-09 1.04145e-09 9.84985e-10 2.66284e-10 2.11878e-10 2.65127e-09 1.31173e-10
threshold=72.500000000000014 79.872879028320327 57.500000000000007 0.39036472141742712 35.442211151123054 0.35441604256629949 64.031455993652358 3.8469237089157109 69.055473327636733 63.16017150878907 65.246723175048842 40.505910873413093 64.341842651367202 7.5852658748626718 11.796430587768556 11.570649147033693 92.672641754150405 87.496990203857436 94.018100738525405 92.194244384765639 89.989799499511733 8.8395819664001483 10.493085861206056 0.98412311077117931
decision_type=2 2 2 2 2 2 2 2 2 2 2 2 2 2 2 2 2 2 2 2 2 2 2 2
left_child=2 6 13 4 11 -6 8 12 9 10 -2 -4 -8 -1 21 -16 17 -3 -18 20 -19 -15 -23 -22
right_child=1 16 3 -5 5 -7 7 -9 -10 -11 -12 -13 -14 14 15 -17 18 19 -20 -21 23 22 -24 -25
leaf_value=-0.055186587380717959 0.0049111731434405906 0.05077115831373568 -0.025304282611781984 -0.021245806827937072 -0.023684798491489356 -0.02242190009489492 0.0077304129565267865 0.010112605941309763 0.0077304129565267865 0.007223460423128907 0.0066398781014938698 -0.023946249383953514 0.0085142690901343562 -0.054911493612224582 -0.054762508699293694 -0.054458958613266766 0.050825955702162057 0.050786580855961529 0.050849659094767741 0.050814466869533038 0.050793166752456403 -0.054905105535080004 -0.054860899817714415 0.050804580536634669
leaf_weight=0.01059710158733651 0.013092629611492157 0.013739060144871473 0.020790121983736753 0.0092588444240391254 0.0094747216207906604 0.02471091621555388 0.013814761070534587 0.014914388535544276 0.015569706214591861 0.018015563255175948 0.013243970461189747 0.0088346997508779168 0.014574092114344239 0.0053128381259739408 0.0038137037772685281 0.0034737751120701432 0.0079524597385898232 0.0043752783094532796 0.011105165001936257 0.0046581920469179741 0.0044608333264477551 0.0047718441346660256 0.0035659698769450188 0.0057774526649154723
leaf_count=12 6 12 12 5 5 13 5 5 6 7 6 5 5 7 5 5 4 5 6 3 5 6 5 5
internal_value=-9.44846e-11 0.0221184 -0.0328365 -0.0232999 -0.023598 -0.0224703 0.00764711 0.00824782 0.00721301 0.00671651 0.0060563 -0.0248993 0.00773041 -0.0549335 -0.0548054 -0.0546213 0.0508077 0.0507892 0.0508398 0.050802 0.0507951 -0.0549037 -0.0548987 0.0507996
internal_weight=0.259898 0.155294 0.104605 0.0730693 0.0638105 0.0341856 0.103225 0.0433032 0.0599219 0.0443522 0.0263366 0.0296248 0.0283889 0.0315352 0.0209381 0.00728748 0.0520684 0.0330108 0.0190576 0.0192718 0.0146136 0.0136507 0.00833781 0.0102383
internal_count=160 80 80 40 35 18 40 15 25 19 12 17 10 40 28 10 40 30 10 18 15 18 11 10
is_linear=0
shrinkage=0.05


Tree=70
num_leaves=24
num_cat=0
split_feature=2 0 2 5 6 0 1 6 3 3 0 4 0 1 0 4 1 0 1 1 0 4 5
split_gain=0.0715234 0.0242435 0.00838954 1.61772e-05 2.08697e-05 1.42995e-05 9.99382e-06 1.68222e-05 1.44599e-05 1.03569e-05 5.04737e-06 2.62337e-06 3.63339e-07 1.39005e-07 6.10637e-08 1.08572e-08 2.68473e-09 9.61917e-10 8.58888e-10 2.27708e-10 2.45526e-09 2.24591e-10 1.03707e-10
threshold=72.500000000000014 79.872879028320327 57.500000000000007 0.35814735293388372 2.1983588933944707 40.014465332031257 62.733404159545906 3.8469237089157109 62.27971267700196 64.031455993652358 39.482965469360359 35.818746566772468 7.5852658748626718 11.796430587768556 11.570649147033693 92.672641754150405 87.496990203857436 94.018100738525405 92.194244384765639 8.8395819664001483 10.493085861206056 89.989799499511733 0.98412311077117931
decision_type=2 2 2 2 2 2 2 2 2 2 2 2 2 2 2 2 2 2 2 2 2 2 2
left_child=2 6 12 10 5 11 7 -2 -8 -9 -4 -5 -1 19 -15 16 -3 -17 21 -14 -21 -18 -23
right_child=1 15 3 4 -6 -7 8 9 -10 -11 -12 -13 13 14 -16 17 18 -19 -20 20 -22 22 -24
leaf_value=-0.055076222359320005 0.0062246419892465522 0.050741404379359326 -0.024878644705407151 -0.023444893710429144 -0.020707214685459243 -0.021968966384835059 0.0078069466238728348 0.0070157943065596931 0.0091149842602887624 0.0078069466238728348 -0.023444893710429144 -0.022706930047632103 -0.054812316784042928 -0.054665078874412923 -0.05437028155842856 0.050793881964966162 0.050756287432341944 0.050817309218308494 0.050783159003979075 -0.054805515353413915 -0.05476162804386582 0.050762893434345625 0.050773335700483618
leaf_weight=0.01006135088391602 0.02199370157904923 0.012975116784218699 0.013632852933369577 0.01179359934758395 0.010670249699614942 0.012489125016145408 0.019073097035288811 0.014925571391358972 0.028150170808658004 0.014218129683285952 0.010437842924147844 0.011009101057425141 0.0050378444138914355 0.0036122409510426215 0.0032894952455535531 0.0075182631844654671 0.004130904737394304 0.010502383171115071 0.0044001849018968633 0.0045256413286551833 0.0033766197739169002 0.0042129349312745035 0.0054582498851232231
leaf_count=12 10 12 8 7 6 7 8 7 10 5 6 6 7 5 5 4 5 6 3 6 5 5 5
internal_value=-3.76668e-10 0.0221202 -0.0326612 -0.0231948 -0.0226449 -0.0232307 0.00778687 0.00730255 0.00831134 0.00780695 -0.0242449 -0.0234449 -0.0548315 -0.0547074 -0.0545261 0.0507766 0.0507588 0.0508075 0.0507712 -0.054804 -0.0547987 0.0507646 0.0507688
internal_weight=0.247495 0.147559 0.099936 0.0700328 0.0459621 0.0352918 0.0983607 0.0511374 0.0472233 0.0291437 0.0240707 0.0228027 0.0299032 0.0198418 0.00690174 0.049198 0.0311774 0.0180206 0.0182023 0.0129401 0.00790226 0.0138021 0.00967118
internal_count=160 80 80 40 26 20 40 22 18 12 14 13 40 28 10 40 30 10 18 18 11 15 10
is_linear=0
shrinkage=0.05


Tree=71
num_leaves=23
num_cat=0
split_feature=2 0 2 5 0 6 4 3 1 4 0 1 0 5 4 1 0 1 4 1 0 5
split_gain=0.0678441 0.022788 0.00796831 1.49246e-05 3.26063e-05 1.86858e-05 1.04122e-05 9.17919e-06 2.61458e-05 1.9647e-05 3.20039e-07 1.24456e-07 5.54506e-08 3.35525e-08 9.43882e-09 2.3658e-09 8.7627e-10 7.48124e-10 2.07454e-10 1.44329e-10 1.92807e-09 8.8325e-11
threshold=72.500000000000014 79.872879028320327 57.500000000000007 0.36679254472255712 40.014465332031257 2.1755837202072148 35.818746566772468 59.75464057922364 63.16017150878907 64.19608306884767 7.5852658748626718 11.796430587768556 11.570649147033693 0.35441604256629949 92.672641754150405 87.496990203857436 94.018100738525405 92.194244384765639 89.989799499511733 8.8395819664001483 10.493085861206056 0.98412311077117931
decision_type=2 2 2 2 2 2 2 2 2 2 2 2 2 2 2 2 2 2 2 2 2 2
left_child=2 7 10 5 6 13 -5 -2 9 -9 -1 19 -13 -4 15 -3 -16 18 -17 -12 -21 -20
right_child=1 14 3 4 -6 -7 -8 8 -10 -11 11 12 -14 -15 16 17 -18 -19 21 20 -22 -23
leaf_value=-0.054963528975012776 0.0067963936687070736 0.050712811024696491 -0.025002830770812307 -0.023131087180614296 -0.020438788054525293 -0.023131087180614296 -0.021784937617569795 0.0074745729257470958 0.0093420249218209 0.0084082989237839988 -0.054708847808175531 -0.054567017947253729 -0.054279303329184216 -0.024873077153920887 0.050762941349395976 0.050727183339110686 0.050785933216568338 0.050752968203847226 0.050733783398935521 -0.054703286570169277 -0.054663541640087292 0.050743696152816709
leaf_weight=0.0095524194766767323 0.014814049820415676 0.012259929615538567 0.0099769140360876918 0.011306083528324962 0.013862524530850351 0.013096268521621823 0.0089568718103691936 0.032207998563535511 0.029156254138797522 0.017592242918908596 0.0047774335253052413 0.0034244803246110669 0.0031152989831753075 0.0099521196680143476 0.0071100058266893021 0.0039008205058053145 0.0099343961337581277 0.0041598703246563664 0.0039802113897167146 0.0042905177688226104 0.0031980227795429528 0.0051609650836326182
leaf_count=12 7 12 6 7 8 8 5 15 11 7 7 5 5 6 4 5 6 3 5 6 5 5
internal_value=6.28739e-11 0.0221308 -0.0325041 -0.0231189 -0.0223856 -0.0238766 -0.0231311 0.00793847 0.00815275 0.00747457 -0.0547278 -0.0546081 -0.054432 -0.024938 0.0507467 0.0507296 0.0507763 0.0507416 0.0507352 -0.0547021 -0.0546977 0.0507394
internal_weight=0.235786 0.140277 0.095509 0.0671508 0.0341255 0.0330253 0.020263 0.0937705 0.0789565 0.0498002 0.0283582 0.0188058 0.00653978 0.019929 0.0465062 0.0294618 0.0170444 0.0172019 0.013042 0.012266 0.00748854 0.00914118
internal_count=160 80 80 40 20 20 12 40 33 22 40 28 10 12 40 30 10 18 15 18 11 10
is_linear=0
shrinkage=0.05


Tree=72
num_leaves=25
num_cat=0
split_feature=2 0 2 4 0 5 0 3 4 6 5 1 0 6 1 0 4 1 0 1 4 1 0 5
split_gain=0.0643334 0.0214544 0.00757582 1.41888e-05 1.48985e-05 1.04846e-05 8.67848e-06 1.65038e-05 7.02904e-06 6.69315e-06 5.54461e-06 4.8913e-07 2.83908e-07 2.73625e-07 1.13934e-07 4.98807e-08 8.1886e-09 2.06369e-09 7.83425e-10 6.4343e-10 1.83567e-10 1.18698e-10 1.61746e-09 7.51622e-11
threshold=72.500000000000014 79.872879028320327 57.500000000000007 35.442211151123054 39.482965469360359 0.36679254472255712 69.547748565673842 62.27971267700196 64.769802093505874 3.9329692125320439 0.35814735293388372 61.406059265136726 7.5852658748626718 2.1755837202072148 11.796430587768556 11.570649147033693 92.672641754150405 87.496990203857436 94.018100738525405 92.194244384765639 89.989799499511733 8.8395819664001483 10.493085861206056 0.98412311077117931
decision_type=2 2 2 2 2 2 2 2 2 2 2 2 2 2 2 2 2 2 2 2 2 2 2 2
left_child=2 6 12 10 5 -5 7 9 11 -2 -4 -9 -1 -12 21 -16 17 -3 -18 20 -19 -14 -23 -22
right_child=1 16 3 4 -6 -7 -8 8 -10 -11 13 -13 14 -15 15 -17 18 19 -20 -21 23 22 -24 -25
leaf_value=-0.054854361494718777 0.0065250690854126176 0.050685677249648543 -0.024640139044761152 -0.023062505704216925 -0.021025134563984072 -0.0220438201341005 0.009186086458527214 0.0077977254064495669 0.0085179334091058049 0.0077977254064495669 -0.023430206920833443 0.0081578294077776867 -0.054609375316018116 -0.023062505704216925 -0.054470349105436092 -0.054188855930567083 0.050733535923779299 0.050699480665240215 0.050755883744940902 0.050724179196759714 0.050705957464367346 -0.054604196809803419 -0.054566811454902088 0.050715360411104908
leaf_weight=0.0090725867776200175 0.021860970300622284 0.01159368988010101 0.012099343934096396 0.011481053428724408 0.013426923542283475 0.0085889010224491358 0.014502341626212001 0.011471398989669979 0.015223992755636573 0.014141257968731225 0.010905712028034031 0.012203422840684652 0.004532650054898113 0.0078752236440777779 0.0032468172139488152 0.0029512709006667137 0.0067281189840286961 0.0036875486839562663 0.0094015210052020848 0.0039348987047560504 0.0037635251646861434 0.0040698520024307072 0.0030293622403405607 0.0048822729731909931
leaf_count=12 11 12 8 7 8 5 6 5 6 7 7 5 7 5 5 5 4 5 6 3 5 6 5 5
internal_value=3.60277e-11 0.0221324 -0.032344 -0.0230323 -0.0223196 -0.0230625 0.00806655 0.00784978 0.00851793 0.00707752 -0.0238054 0.00779773 -0.0546267 -0.0232677 -0.0545108 -0.0543376 0.0507182 0.0507018 0.0507466 0.0507133 0.0507072 -0.0546031 -0.054599 0.0507113
internal_weight=0.224675 0.133395 0.0912797 0.0643772 0.0334969 0.02007 0.0894034 0.074901 0.0388988 0.0360022 0.0308803 0.0236748 0.0269025 0.0187809 0.01783 0.00619809 0.0439916 0.0278619 0.0161296 0.0162682 0.0123333 0.0116319 0.00709921 0.0086458
internal_count=160 80 80 40 20 12 40 34 16 18 20 10 40 12 28 10 40 30 10 18 15 18 11 10
is_linear=0
shrinkage=0.05


Tree=73
num_leaves=24
num_cat=0
split_feature=2 0 2 5 4 5 3 1 0 3 0 4 0 1 0 4 1 0 1 4 5 1 0
split_gain=0.0610778 0.020179 0.00720173 1.25451e-05 2.83912e-05 1.03182e-05 8.21866e-06 1.35263e-05 1.06542e-05 6.21893e-06 3.46895e-06 1.19621e-06 2.52697e-07 1.02877e-07 4.53862e-08 7.07024e-09 1.81876e-09 6.91629e-10 5.45593e-10 1.5784e-10 6.29981e-11 4.86589e-11 1.0945e-09
threshold=72.500000000000014 79.872879028320327 57.500000000000007 0.39036472141742712 35.442211151123054 0.35441604256629949 66.837356567382827 62.733404159545906 65.246723175048842 62.27971267700196 40.505910873413093 63.367151260375984 7.5852658748626718 11.796430587768556 11.570649147033693 92.672641754150405 87.496990203857436 94.018100738525405 92.194244384765639 89.989799499511733 0.98412311077117931 8.8395819664001483 10.493085861206056
decision_type=2 2 2 2 2 2 2 2 2 2 2 2 2 2 2 2 2 2 2 2 2 2 2
left_child=2 6 12 4 10 -6 7 8 -2 -9 -4 -10 -1 21 -15 16 -3 -17 19 -18 -21 -14 -23
right_child=1 15 3 -5 5 -7 -8 9 11 -11 -12 -13 13 14 -16 17 18 -19 -20 20 -22 22 -24
leaf_value=-0.05474695317561256 0.0063376495918426356 0.050659265952802048 -0.024845936757146785 -0.021087038968921265 -0.023311677853725742 -0.022157923785152706 0.0092926021103859058 0.0079873465327163218 0.0074109513090485375 0.0086427636614116645 -0.023559008498383757 0.0079873465327163218 -0.054508506894806442 -0.054374875699236297 -0.054099573581503427 0.050705012732566536 0.050672591389474164 0.050726597897163141 0.050696210473369599 0.050679018123683896 0.050687870786519831 -0.054505103117686832 -0.054473805153743643
leaf_weight=0.0086220601806417108 0.015630747308023274 0.010963380511384457 0.01755354180932045 0.0078299934975802898 0.0080111867282539606 0.020888820290565491 0.014697307487949729 0.016525158076547086 0.0093268681084737182 0.017017878359183669 0.0074624741682782761 0.012064571375958622 0.0043016041163355112 0.0030810345197096458 0.0027973138494417071 0.0063673985423520216 0.0034869320224970588 0.0088958522537723184 0.0037224513944238433 0.0035579190298449248 0.0046181540819816291 0.0038615062367171049 0.0028729932382702827
leaf_count=12 8 12 12 5 5 13 6 8 5 7 5 6 7 5 5 4 5 6 3 5 5 6 5
internal_value=-4.54414e-11 0.0221474 -0.0321936 -0.0229572 -0.0232288 -0.0221613 0.00821696 0.00799293 0.00733193 0.00864276 -0.024462 0.00798735 -0.0545267 -0.0544144 -0.0542454 0.0506905 0.0506748 0.0507176 0.0506859 0.0506802 0.050684 -0.0545044 -0.0545017
internal_weight=0.214157 0.126875 0.0872825 0.061746 0.053916 0.0289 0.0852625 0.0705652 0.0370222 0.033543 0.025016 0.0213914 0.0255365 0.0169145 0.00587835 0.0416121 0.0263488 0.0152633 0.0153855 0.011663 0.00817607 0.0110361 0.0067345
internal_count=160 80 80 40 35 18 40 34 19 15 17 11 40 28 10 40 30 10 18 15 10 18 11
is_linear=0
shrinkage=0.05


Tree=74
num_leaves=24
num_cat=0
split_feature=2 0 2 4 0 5 3 1 4 6 0 0 6 1 0 4 1 0 1 4 5 1 0
split_gain=0.0579776 0.018992 0.00685774 1.07812e-05 1.29828e-05 8.73218e-06 7.20983e-06 2.1016e-05 1.54742e-05 4.90665e-06 1.27345e-06 2.24415e-07 1.42193e-07 9.47299e-08 3.95297e-08 6.12698e-09 1.6156e-09 6.52714e-10 4.80316e-10 1.38901e-10 5.22112e-11 3.9333e-11 9.59045e-10
threshold=72.500000000000014 79.872879028320327 57.500000000000007 35.442211151123054 39.482965469360359 0.36679254472255712 59.75464057922364 63.16017150878907 64.19608306884767 2.1983588933944707 39.482965469360359 7.5852658748626718 3.7650185823440556 11.796430587768556 11.570649147033693 92.672641754150405 87.496990203857436 94.018100738525405 92.194244384765639 89.989799499511733 0.98412311077117931 8.8395819664001483 10.493085861206056
decision_type=2 2 2 2 2 2 2 2 2 2 2 2 2 2 2 2 2 2 2 2 2 2 2
left_child=2 6 11 9 5 -5 -2 8 -8 10 -4 -1 -9 21 -15 16 -3 -17 19 -18 -21 -13 -23
right_child=1 15 3 4 -6 -7 7 12 -10 -11 -12 13 -14 14 -16 17 18 -19 -20 20 -22 22 -24
leaf_value=-0.054642610403346205 0.0072699597985300003 0.050633826072724035 -0.024262021017311591 -0.02289357530913046 -0.02095344157007354 -0.021923508439602002 0.0079157377146776061 0.009577098616673347 0.0088106168817131906 -0.02289357530913046 -0.023440565182927756 -0.054413543342176157 0.0098148487186111473 -0.054281453714809892 -0.054014928657596509 0.050677266357773192 0.050646739264516398 0.050698820239174026 0.050669370077919301 0.05065310310692122 0.050661388589515632 -0.054410403076108407 -0.054380351096836733
leaf_weight=0.0081994652282446623 0.012829565559513867 0.010369172261562198 0.014024931937456131 0.010569711797870696 0.012357690604403615 0.0079090445069596171 0.027905861381441355 0.01164501765742898 0.015260345069691539 0.0072494311025366178 0.0071095987223088733 0.0040864914481062442 0.013673103414475918 0.0029240648727864018 0.0026538061792962253 0.006025019916705788 0.0032970009779091924 0.0084227723418734968 0.0035227207117713997 0.003365382319316268 0.0043707785662263632 0.0036679906188510358 0.0027246071258559823
leaf_count=12 7 12 10 7 8 5 15 5 7 5 5 7 6 5 5 4 5 6 3 5 5 6 5
internal_value=2.74634e-10 0.0221597 -0.0320374 -0.0228656 -0.0222184 -0.0228936 0.00835774 0.00856152 0.00791574 -0.0235688 -0.0239857 -0.0544298 0.0097055 -0.0543211 -0.0541546 0.0506639 0.0506489 0.0506898 0.0506597 0.0506541 0.0506578 -0.0544097 -0.0544073
internal_weight=0.204164 0.120687 0.0834768 0.0592204 0.0308364 0.0184788 0.0813139 0.0684843 0.0431662 0.028384 0.0211345 0.0242564 0.0253181 0.016057 0.00557787 0.0393728 0.0249251 0.0144478 0.0145559 0.0110332 0.00773616 0.0104791 0.0063926
internal_count=160 80 80 40 20 12 40 33 22 20 15 40 11 28 10 40 30 10 18 15 10 18 11
is_linear=0
shrinkage=0.05


Tree=75
num_leaves=22
num_cat=0
split_feature=2 0 2 5 4 5 3 1 6 3 0 0 1 0 4 1 0 1 4 5 1
split_gain=0.0550368 0.0179059 0.00652761 1.06392e-05 2.3062e-05 9.31454e-06 6.77352e-06 1.11452e-05 1.0158e-05 5.31147e-06 2.79794e-06 1.98422e-07 8.57872e-08 3.57692e-08 5.32799e-09 1.4177e-09 5.8573e-10 4.13444e-10 1.22978e-10 4.41032e-11 1.7608e-11
threshold=72.500000000000014 79.872879028320327 57.500000000000007 0.39036472141742712 35.442211151123054 0.35441604256629949 66.837356567382827 62.733404159545906 3.8469237089157109 62.27971267700196 40.505910873413093 7.5852658748626718 11.796430587768556 11.570649147033693 92.672641754150405 87.496990203857436 94.018100738525405 92.194244384765639 89.989799499511733 0.98412311077117931 8.8395819664001483
decision_type=2 2 2 2 2 2 2 2 2 2 2 2 2 2 2 2 2 2 2 2 2
left_child=2 6 11 4 10 -6 7 8 -2 -9 -4 -1 20 -14 15 -3 -16 18 -17 -20 -13
right_child=1 14 3 -5 5 -7 -8 9 -10 -11 -12 12 13 -15 16 17 -18 -19 19 -21 -22
leaf_value=-0.054538330392442096 0.0066672717801562684 0.050609779399530389 -0.024560317369098819 -0.020984565052232937 -0.023119410453639723 -0.022012686319013208 0.0094996515246461646 0.0082575090932806034 0.0082575090932806034 0.0088813383251764872 -0.023354918897454158 -0.054317382746918601 -0.054189378679477485 -0.053929134354889177 0.050651282239848341 0.050622211108092598 0.050672259701933023 0.050643905351138066 0.050628486430241752 0.050636312409259358 -0.054313070500110007
leaf_weight=0.0077971514547243706 0.015222536749206483 0.0098174836894031614 0.016129295574501157 0.0072046733694151035 0.0073765371926128856 0.019220383488573134 0.013381860451772809 0.015030628070235252 0.018441168474964797 0.015493481187149882 0.0068623245460912577 0.0038813180872239172 0.002776493434794248 0.0025175411719828844 0.0057080365950241694 0.0031203018152154982 0.0079792698088567704 0.003335925401188434 0.0031857342401053756 0.0041394211584702134 0.0060683865158353001
leaf_count=12 9 12 12 5 5 13 6 8 10 7 5 7 5 5 4 5 6 3 5 5 11
internal_value=4.22771e-11 0.0221637 -0.0318865 -0.02278 -0.0230408 -0.0220383 0.00847636 0.00826303 0.00763368 0.00888134 -0.0242005 -0.0543332 -0.0542282 -0.0540656 0.0506387 0.0506243 0.0506635 0.0506346 0.0506293 0.0506329 -0.0543148
internal_weight=0.19469 0.114856 0.0798341 0.0567932 0.0495885 0.0265969 0.0775697 0.0641878 0.0336637 0.0305241 0.0229916 0.0230409 0.0152437 0.00529403 0.0372862 0.0235989 0.0136873 0.0137814 0.0104455 0.00732516 0.0099497
internal_count=160 80 80 40 35 18 40 34 19 15 17 40 28 10 40 30 10 18 15 10 18
is_linear=0
shrinkage=0.05


Tree=76
num_leaves=24
num_cat=0
split_feature=2 0 2 5 6 0 3 6 0 1 0 0 4 0 1 0 4 1 0 1 4 5 1
split_gain=0.0522815 0.0168695 0.00621852 9.67532e-06 1.43418e-05 8.56645e-06 6.38532e-06 2.33429e-05 7.37854e-06 6.57272e-06 7.86324e-06 3.38942e-06 1.61024e-06 1.75842e-07 7.86502e-08 3.1219e-08 4.62716e-09 1.23625e-09 5.46292e-10 3.72223e-10 1.11414e-10 3.73653e-11 1.32787e-11
threshold=72.500000000000014 79.872879028320327 57.500000000000007 0.35814735293388372 2.1983588933944707 40.014465332031257 64.031455993652358 3.8469237089157109 69.055473327636733 63.16017150878907 65.246723175048842 39.482965469360359 35.818746566772468 7.5852658748626718 11.796430587768556 11.570649147033693 92.672641754150405 87.496990203857436 94.018100738525405 92.194244384765639 89.989799499511733 0.98412311077117931 8.8395819664001483
decision_type=2 2 2 2 2 2 2 2 2 2 2 2 2 2 2 2 2 2 2 2 2 2 2
left_child=2 6 13 11 5 12 8 -8 9 10 -2 -4 -5 -1 22 -16 17 -3 -18 20 -19 -22 -15
right_child=1 16 3 4 -6 -7 7 -9 -10 -11 -12 -13 -14 14 15 -17 18 19 -20 -21 21 -23 -24
leaf_value=-0.054436703642641131 0.0060041841672508513 0.050586490194626521 -0.024203052341971846 -0.022911771282251081 -0.020390341832156881 -0.021575833586927436 0.0086849304972117392 0.011148215060416876 0.0086849304972117392 0.0082156435047212404 0.0076575379665891653 -0.022911771282251081 -0.022243802434589257 -0.054224680626215764 -0.054096203525985376 -0.053846694776344128 0.050625835708863559 0.050598421187084443 0.050646651942817478 0.050619199542426066 0.050604468052998119 0.050611871762613371 -0.054220839374475083
leaf_weight=0.0074204991688020519 0.0093328915536403656 0.0092948891688138247 0.010608080658130348 0.0091562169836834073 0.008309010649099946 0.0097198971780017018 0.020363065996207297 0.010752411326393485 0.011175547377206385 0.012920465902425349 0.0094614358386024833 0.0081190718337893486 0.0085685866652056575 0.0036899333936162293 0.0026367200771346697 0.0023901081294752657 0.0054049770114943385 0.0029517501825466752 0.0075606857135426253 0.0031602043309248993 0.003014774527400732 0.0039200230967253447 0.0057647363282740116
leaf_count=12 6 12 8 7 6 7 10 5 6 7 6 6 6 7 5 5 4 5 6 3 5 5 11
internal_value=-1.99584e-11 0.0221771 -0.0317381 -0.0226926 -0.0222103 -0.0227613 0.00861008 0.00915536 0.0082145 0.00774636 0.00709943 -0.0236132 -0.0229118 -0.0542388 -0.0541374 -0.0539776 0.0506142 0.0506004 0.050638 0.0506104 0.0506051 0.0506087 -0.0542223
internal_weight=0.185696 0.109313 0.0763829 0.0544809 0.0357537 0.0274447 0.0740058 0.0311155 0.0428903 0.0317148 0.0187943 0.0187272 0.0177248 0.021902 0.0144815 0.00502683 0.0353073 0.0223416 0.0129657 0.0130468 0.00988655 0.0069348 0.00945467
internal_count=160 80 80 40 26 20 40 15 25 19 12 14 13 40 28 10 40 30 10 18 15 10 18
is_linear=0
shrinkage=0.05


Tree=77
num_leaves=22
num_cat=0
split_feature=2 0 2 5 4 5 0 3 1 0 3 0 1 0 4 1 0 1 4 5 1
split_gain=0.0497127 0.0158967 0.00591551 8.68357e-06 2.03278e-05 7.69572e-06 5.58753e-06 1.46349e-05 2.60557e-06 2.15196e-06 1.23859e-06 1.54674e-07 7.01006e-08 2.83542e-08 4.06373e-09 1.0933e-09 4.91238e-10 3.26895e-10 9.62393e-11 2.90215e-11 6.68374e-12
threshold=72.500000000000014 79.872879028320327 57.500000000000007 0.39036472141742712 35.442211151123054 0.35441604256629949 69.055473327636733 62.27971267700196 62.324077606201179 40.505910873413093 59.75464057922364 7.5852658748626718 11.796430587768556 11.570649147033693 92.672641754150405 87.496990203857436 94.018100738525405 92.194244384765639 89.989799499511733 0.98412311077117931 8.8395819664001483
decision_type=2 2 2 2 2 2 2 2 2 2 2 2 2 2 2 2 2 2 2 2 2
left_child=2 6 11 4 9 -6 7 10 -9 -4 -2 -1 20 -14 15 -3 -16 18 -17 -20 -13
right_child=1 14 3 -5 5 -7 -8 8 -10 -11 -12 12 13 -15 16 17 -18 -19 19 -21 -22
leaf_value=-0.054333698084055998 0.0071445820661897898 0.050564033357092211 -0.024337727886548251 -0.020937207420112337 -0.022956941688733384 -0.021905299403438463 0.0095457380949807227 0.0083091948694528212 0.0090229707929392455 -0.023236029285710245 0.0078681983726997962 -0.054129808197160248 -0.054006969897910984 -0.053762971659791062 0.050601826032167507 0.050575563211633104 0.050622100118198649 0.050595574449395199 0.05058162591409554 0.050588330569704867 -0.054127012601326456
leaf_weight=0.0070610791444778434 0.0094916430534794927 0.0088016697845887393 0.014836294576525688 0.0066323694773018351 0.0067906331969425074 0.017694422276690602 0.016751351300626993 0.014537128852680326 0.014165491447784007 0.0063209454528987399 0.015687336795963347 0.0035070084850303829 0.002505287731764839 0.0022690118057653308 0.0051235227147117257 0.0027942500892095268 0.0071675431972835213 0.0029932686302345255 0.0028549580601975322 0.0037132564466446638 0.0054770325659774244
leaf_count=12 6 12 12 5 5 13 9 8 7 5 10 7 5 5 4 5 6 3 5 5 11
internal_value=-1.52202e-10 0.0221951 -0.0316044 -0.0226277 -0.0228734 -0.0219053 0.00874816 0.0085002 0.00902297 -0.0240086 0.00759542 -0.0541435 -0.0540458 -0.053891 0.0505908 0.0505775 0.0506136 0.0505871 0.0505821 0.0505854 -0.0541281
internal_weight=0.177176 0.104081 0.0730941 0.0522747 0.0456423 0.0244851 0.070633 0.0538816 0.0287026 0.0211572 0.025179 0.0208194 0.0137583 0.0047743 0.0334485 0.0211574 0.0122911 0.0123557 0.00936246 0.00656821 0.00898404
internal_count=160 80 80 40 35 18 40 31 15 17 16 40 28 10 40 30 10 18 15 10 18
is_linear=0
shrinkage=0.05


Tree=78
num_leaves=23
num_cat=0
split_feature=2 0 2 6 0 5 1 6 3 3 5 4 0 1 0 4 1 0 1 4 5 1
split_gain=0.047261 0.0149866 0.00563827 8.21765e-06 1.64067e-05 1.6903e-05 5.20603e-06 1.09454e-05 7.41829e-06 6.5309e-06 2.78534e-06 1.80744e-06 1.37107e-07 6.41414e-08 2.48303e-08 3.53378e-09 9.56926e-10 4.31259e-10 2.8235e-10 8.50706e-11 2.37106e-11 3.62428e-12
threshold=72.500000000000014 79.872879028320327 57.500000000000007 2.1983588933944707 39.482965469360359 0.37265501916408544 62.733404159545906 3.8469237089157109 62.27971267700196 64.031455993652358 0.35683143138885504 36.284231185913093 7.5852658748626718 11.796430587768556 11.570649147033693 92.672641754150405 87.496990203857436 94.018100738525405 92.194244384765639 89.989799499511733 0.98412311077117931 8.8395819664001483
decision_type=2 2 2 2 2 2 2 2 2 2 2 2 2 2 2 2 2 2 2 2 2 2
left_child=2 6 12 4 5 10 7 -2 -8 -9 -4 -5 -1 21 -15 16 -3 -17 19 -18 -21 -14
right_child=1 15 3 11 -6 -7 8 9 -10 -11 -12 -13 13 14 -16 17 18 -19 -20 20 -22 -23
leaf_value=-0.054235287614988692 0.0073879417331339696 0.050542473278843342 -0.025923029427084722 -0.022053613141709061 -0.022177048573360007 -0.023005856206668299 0.0088964316355135391 0.0081421866843237548 0.010028595865516557 0.0088964316355135391 -0.024425942629817995 -0.020855705498522885 -0.054039449264237288 -0.05391684999133322 -0.053682616704806521 0.05057866956516447 0.050553555877060542 0.050598180235540857 0.050572731185048639 0.050559552376158869 0.050565778508117491 -0.05403733845999336
leaf_weight=0.0067245887767057857 0.014998522587120533 0.0083382423617877066 0.0060850291047245264 0.0061403790023177862 0.015187598997727036 0.0099333705147728324 0.013058715616352856 0.010192880756221712 0.019358473946340382 0.0098033120157197118 0.0063480467069894075 0.0064634301234036684 0.003336740774102509 0.0023808981932234028 0.0021559390879701823 0.0048577939160168171 0.0026459255605004728 0.0067925777693744749 0.0028359315474517652 0.0027045616297982633 0.0035184127918910235 0.0052071067038923502
leaf_count=12 10 12 5 5 12 8 8 7 10 5 5 5 7 5 5 4 5 6 3 5 5 11
internal_value=9.49472e-11 0.0222114 -0.0314633 -0.022544 -0.0229148 -0.0238347 0.00887962 0.00845672 0.00933615 0.00889643 -0.0251587 -0.0214393 -0.0540518 -0.0539575 -0.0538055 0.0505681 0.0505554 0.05059 0.0505646 0.0505598 0.0505631 -0.0540382
internal_weight=0.169068 0.0991054 0.0699631 0.0501579 0.037554 0.0223664 0.0674119 0.0349947 0.0324172 0.0199962 0.0124331 0.0126038 0.0198053 0.0130807 0.00453684 0.0316934 0.0200431 0.0116504 0.0117048 0.0088689 0.00622297 0.00854385
internal_count=160 80 80 40 30 18 40 22 18 12 10 10 40 28 10 40 30 10 18 15 10 18
is_linear=0
shrinkage=0.05


Tree=79
num_leaves=23
num_cat=0
split_feature=2 0 2 5 6 4 3 6 0 1 0 4 0 1 0 4 1 0 1 4 5 1
split_gain=0.0449119 0.014146 0.00538116 7.55918e-06 1.08056e-05 6.93381e-06 4.84792e-06 1.9147e-05 5.63864e-06 5.35805e-06 6.4685e-06 2.51375e-06 1.21156e-07 5.85672e-08 2.137e-08 3.09285e-09 8.44786e-10 3.91946e-10 2.48801e-10 7.84566e-11 2.02337e-11 4.79709e-12
threshold=72.500000000000014 79.872879028320327 57.500000000000007 0.35814735293388372 2.1983588933944707 35.818746566772468 64.031455993652358 3.8469237089157109 69.055473327636733 63.16017150878907 65.246723175048842 34.139917373657234 7.5852658748626718 11.796430587768556 11.570649147033693 92.672641754150405 87.496990203857436 94.018100738525405 92.194244384765639 89.989799499511733 0.98412311077117931 8.8395819664001483
decision_type=2 2 2 2 2 2 2 2 2 2 2 2 2 2 2 2 2 2 2 2 2 2
left_child=2 6 12 11 5 -5 8 -8 9 10 -2 -4 -1 21 -15 16 -3 -17 19 -18 -21 -14
right_child=1 15 3 4 -6 -7 7 -9 -10 -11 -12 -13 13 14 -16 17 18 -19 -20 20 -22 -23
leaf_value=-0.054138842863535014 0.0064818241508885349 0.050521827595472746 -0.024171947504551507 -0.02265203027749612 -0.020312238684287463 -0.021406879177577314 0.0090620947554038225 0.01144349824563598 0.0090620947554038225 0.008622420363249797 0.0080867677922263122 -0.022870100086232231 -0.053951765747678432 -0.05382821353932267 -0.053605361240742715 0.050556453558785901 0.05053252401558686 0.050575553109814014 0.050550955946055458 0.050538436765855566 0.050544344368883887 -0.053949276383933147
leaf_weight=0.006406992702977731 0.0080948724644258618 0.0079016904055606574 0.0056117941858246914 0.012942618224769831 0.0073444329900667063 0.011289653019048274 0.01770873658824712 0.0093630255432799459 0.0097238215385004878 0.011232173186726868 0.0082156492862850428 0.01093018043320626 0.0031766235770191997 0.0022637381334789106 0.0020498599333222955 0.0046066134236752987 0.0025061771739274263 0.0064429150952491909 0.0026885303377639511 0.002562778361607343 0.0033363033435307443 0.0049523315974511206
leaf_count=12 6 12 5 11 6 9 10 5 6 7 6 9 7 5 5 4 5 6 3 5 5 11
internal_value=-6.72884e-12 0.0222204 -0.0313168 -0.0224459 -0.0219923 -0.0225015 0.00899244 0.00950167 0.00862252 0.00818275 0.00755112 -0.0233117 -0.0539622 -0.0538712 -0.0537223 0.0505466 0.0505343 0.0505676 0.0505432 0.0505386 0.0505418 -0.0539502
internal_weight=0.161352 0.0943833 0.0669682 0.0481187 0.0315767 0.0242323 0.0643383 0.0270718 0.0372665 0.0275427 0.0163105 0.016542 0.0188495 0.0124426 0.0043136 0.030045 0.0189955 0.0110495 0.0110938 0.00840526 0.00589908 0.00812896
internal_count=160 80 80 40 26 20 40 15 25 19 12 14 40 28 10 40 30 10 18 15 10 18
is_linear=0
shrinkage=0.05


Tree=80
num_leaves=22
num_cat=0
split_feature=2 0 2 5 0 6 4 1 6 3 3 0 1 0 4 1 0 1 4 5 0
split_gain=0.0427454 0.0133476 0.0051236 7.05122e-06 1.76351e-05 1.07893e-05 5.25349e-06 4.39053e-06 9.03802e-06 6.53225e-06 5.51395e-06 1.05807e-07 5.25107e-08 1.92281e-08 2.72209e-09 7.48666e-10 3.51966e-10 2.18684e-10 6.82841e-11 1.57952e-11 2.85025e-13
threshold=72.500000000000014 79.872879028320327 57.500000000000007 0.36679254472255712 40.014465332031257 2.1755837202072148 35.818746566772468 62.733404159545906 3.8469237089157109 62.27971267700196 64.031455993652358 7.5852658748626718 11.796430587768556 11.570649147033693 92.672641754150405 87.496990203857436 94.018100738525405 92.194244384765639 89.989799499511733 0.98412311077117931 10.493085861206056
decision_type=2 2 2 2 2 2 2 2 2 2 2 2 2 2 2 2 2 2 2 2 2
left_child=2 7 11 5 6 -4 -5 8 -2 -9 -10 -1 20 -14 15 -3 -16 18 -17 -20 -13
right_child=1 14 3 4 -6 -7 -8 9 10 -11 -12 12 13 -15 16 17 -18 -19 19 -21 -22
leaf_value=-0.054040314101868242 0.007698181060871858 0.050501935513829678 -0.024006727291393359 -0.022393879488489934 -0.020036360724031262 -0.022393879488489934 -0.021215120106260598 0.0091376401478455768 0.0084179106043587165 0.010244136226491953 0.0091376401478455768 -0.053861036709508883 -0.053742361858490045 -0.053525566516954261 0.050535227602562655 0.050512277605320732 0.050553808216074664 0.05053003909397881 0.050518173406272585 0.050523534018666896 -0.053860425952816093
leaf_weight=0.0061024168971925965 0.013657804694958031 0.0074905025248881421 0.013701941526960582 0.0077549020061269403 0.0095452499808743596 0.0090032793814316392 0.0061759616946801543 0.011896301177330315 0.0092852237867191434 0.017657162970863283 0.0089403880992904305 0.0034439450246281922 0.0021529977093450725 0.0019482927746139467 0.0043708088342100382 0.0023750342952553183 0.0061137816519476473 0.0025491123378742495 0.0024294717295560986 0.0031635031045880169 0.0042894244834315032
leaf_count=12 10 12 12 7 8 8 5 8 7 10 5 8 5 5 4 5 6 3 5 5 10
internal_value=-1.16604e-10 0.0222397 -0.0311922 -0.0223836 -0.021776 -0.0230118 -0.0223939 0.0091216 0.00871465 0.00956063 0.00913764 -0.0538712 -0.053784 -0.0536394 0.0505258 0.050514 0.0505461 0.0505226 0.0505182 0.0505212 -0.0538607
internal_weight=0.154048 0.0899291 0.0641184 0.0461813 0.0234761 0.0227052 0.0139309 0.0614369 0.0318834 0.0295535 0.0182256 0.0179371 0.0118347 0.00410129 0.0284922 0.0180076 0.0104846 0.0105171 0.00796801 0.00559297 0.00773337
internal_count=160 80 80 40 20 20 12 40 22 18 12 40 28 10 40 30 10 18 15 10 18
is_linear=0
shrinkage=0.05


Tree=81
num_leaves=22
num_cat=0
split_feature=2 0 2 4 0 5 3 1 4 5 6 0 1 0 4 1 0 1 4 5 0
split_gain=0.0406887 0.0126018 0.00488098 6.43887e-06 8.46829e-06 5.49306e-06 4.26595e-06 1.28994e-05 9.77049e-06 2.67391e-06 1.40603e-07 9.34641e-08 4.77467e-08 1.72141e-08 2.38614e-09 6.6124e-10 3.17818e-10 1.92429e-10 6.28488e-11 1.35528e-11 2.56687e-12
threshold=72.500000000000014 79.872879028320327 57.500000000000007 35.442211151123054 39.482965469360359 0.36679254472255712 59.75464057922364 63.16017150878907 64.19608306884767 0.35814735293388372 2.1755837202072148 7.5852658748626718 11.796430587768556 11.570649147033693 92.672641754150405 87.496990203857436 94.018100738525405 92.194244384765639 89.989799499511733 0.98412311077117931 10.493085861206056
decision_type=2 2 2 2 2 2 2 2 2 2 2 2 2 2 2 2 2 2 2 2 2
left_child=2 6 11 9 5 -5 -2 8 -8 -4 -11 -1 20 -14 15 -3 -16 18 -17 -20 -13
right_child=1 14 3 4 -6 -7 7 -9 -10 10 -12 12 13 -15 16 17 -18 -19 19 -21 -22
leaf_value=-0.053944838738005589 0.0082580007485483619 0.050482870966035036 -0.023645977436895803 -0.022343855443735929 -0.020556355876750129 -0.021450105660243031 0.0088433001579852396 0.010481924101880868 0.0096626121299330531 -0.022638892147946038 -0.022343855443735929 -0.053773993655747102 -0.053656441639137478 -0.053446089202234509 0.05051476195108523 0.050492851400108466 0.050532886416159245 0.050509930998991259 0.050498650079665044 0.050503748530314668 -0.053772114820132735
leaf_weight=0.0058153947757091365 0.00923706847243011 0.0071033739077392957 0.0083207765128463507 0.0079076013062149286 0.0092552634887397289 0.0059287813492119321 0.020095451851375401 0.018317548325285316 0.011023467755876482 0.0074963478837162256 0.0054138315608724952 0.0032779123284853995 0.0020482988329604268 0.0018519328441470861 0.0041473253513686359 0.0022513232543133199 0.0058031507942359895 0.0024185921647585928 0.0023038335202727467 0.0030017619428690523 0.0040813403902575374
leaf_count=12 7 12 8 7 8 5 15 11 7 7 5 8 5 5 4 5 6 3 5 5 10
internal_value=-5.78093e-11 0.0222576 -0.0310687 -0.0223185 -0.0217407 -0.0223439 0.00924431 0.0094286 0.0088433 -0.022947 -0.0224966 -0.0537821 -0.053698 -0.0535566 0.0505059 0.0504945 0.0505253 0.0505028 0.0504985 0.0505015 -0.053773
internal_weight=0.1471 0.0857029 0.0613975 0.0443226 0.0230916 0.0138364 0.0586735 0.0494365 0.0311189 0.021231 0.0129102 0.0170749 0.0112595 0.00390023 0.0270294 0.0170789 0.00995048 0.00997551 0.00755692 0.0053056 0.00735925
internal_count=160 80 80 40 20 12 40 33 22 20 12 40 28 10 40 30 10 18 15 10 18
is_linear=0
shrinkage=0.05


Tree=82
num_leaves=22
num_cat=0
split_feature=2 0 2 5 4 5 3 1 6 3 0 0 1 0 4 1 0 1 4 5 0
split_gain=0.0387219 0.0119141 0.00465285 5.84673e-06 1.4612e-05 5.53715e-06 4.10183e-06 6.66288e-06 5.82558e-06 3.24535e-06 1.67289e-06 8.29107e-08 4.30785e-08 1.56609e-08 2.08682e-09 5.8086e-10 2.85426e-10 1.6663e-10 5.6022e-11 1.15021e-11 6.73624e-13
threshold=72.500000000000014 79.872879028320327 57.500000000000007 0.39036472141742712 35.442211151123054 0.35441604256629949 66.837356567382827 62.733404159545906 3.8469237089157109 62.27971267700196 40.505910873413093 7.5852658748626718 11.796430587768556 11.570649147033693 92.672641754150405 87.496990203857436 94.018100738525405 92.194244384765639 89.989799499511733 0.98412311077117931 10.493085861206056
decision_type=2 2 2 2 2 2 2 2 2 2 2 2 2 2 2 2 2 2 2 2 2
left_child=2 6 11 4 10 -6 7 8 -2 -9 -4 -1 20 -14 15 -3 -16 18 -17 -20 -13
right_child=1 14 3 -5 5 -7 -8 9 -10 -11 -12 12 13 -15 16 17 -18 -19 19 -21 -22
leaf_value=-0.05385163385581318 0.0077178805770415707 0.050464735756905937 -0.023860573926590176 -0.020709940825169595 -0.022564604391625942 -0.021590378918650718 0.010283494542304157 0.0091487513544940263 0.0091487513544940263 0.0097180742000292173 -0.022783284421329195 -0.053686956576877026 -0.05357332355828829 -0.053367624202080882 0.05049523648005308 0.050474337684650594 0.050512862924956638 0.050490734228816475 0.050480016537208919 0.050484837861464293 -0.053685970015029616
leaf_weight=0.0055431791406590483 0.010956546291708946 0.006741649442119523 0.012066015799064189 0.0053995227208361021 0.0055304417619481674 0.014399310806766152 0.0096966929268091917 0.010848490754142404 0.013318959856405854 0.011220472515560687 0.0051382335368543855 0.0031201505044009537 0.0019497397588565946 0.0017611091607250273 0.0039381011156365275 0.002135892485966906 0.0055103026970755309 0.0022956688771955669 0.0021860740671399981 0.0028495215228758752 0.0038841833302285522
leaf_count=12 9 12 12 5 5 13 6 8 10 7 5 8 5 5 4 5 6 3 5 5 10
internal_value=2.03599e-10 0.0222678 -0.0309438 -0.0222473 -0.0224708 -0.0215904 0.00934832 0.00915265 0.00857943 0.00971807 -0.0235388 -0.0536946 -0.0536134 -0.0534757 0.0504868 0.050476 0.0505055 0.0504839 0.0504798 0.0504827 -0.0536864
internal_weight=0.14049 0.0816984 0.0587919 0.0425335 0.037134 0.0199298 0.0560412 0.0463445 0.0242755 0.022069 0.0172042 0.0162584 0.0107152 0.00371085 0.0256572 0.0162088 0.0094484 0.00946716 0.00717149 0.0050356 0.00700433
internal_count=160 80 80 40 35 18 40 34 19 15 17 40 28 10 40 30 10 18 15 10 18
is_linear=0
shrinkage=0.05


Tree=83
num_leaves=24
num_cat=0
split_feature=2 0 2 6 0 5 3 1 0 3 5 4 4 0 1 0 4 1 0 1 4 5 0
split_gain=0.0368645 0.0112574 0.00444069 5.13641e-06 1.15868e-05 1.20903e-05 3.55712e-06 6.05504e-06 5.5973e-06 2.96355e-06 1.89296e-06 1.15803e-06 4.46252e-07 7.33852e-08 3.936e-08 1.36921e-08 1.82235e-09 5.09319e-10 2.63572e-10 1.50301e-10 5.03498e-11 9.74052e-12 2.42691e-13
threshold=72.500000000000014 79.872879028320327 57.500000000000007 2.1983588933944707 39.482965469360359 0.37265501916408544 66.837356567382827 62.733404159545906 65.246723175048842 62.27971267700196 0.35683143138885504 36.284231185913093 63.367151260375984 7.5852658748626718 11.796430587768556 11.570649147033693 92.672641754150405 87.496990203857436 94.018100738525405 92.194244384765639 89.989799499511733 0.98412311077117931 10.493085861206056
decision_type=2 2 2 2 2 2 2 2 2 2 2 2 2 2 2 2 2 2 2 2 2 2 2
left_child=2 6 13 4 5 10 7 8 -2 -9 -4 -5 -10 -1 22 -16 17 -3 -18 20 -19 -22 -15
right_child=1 16 3 11 -6 -7 -8 9 12 -11 -12 -13 -14 14 15 -17 18 19 -20 -21 21 -23 -24
leaf_value=-0.053760897993595062 0.0078001931407477316 0.050447157188010731 -0.025308702990996808 -0.021746377667588804 -0.021847480307089065 -0.022604701445299538 0.010353842108347049 0.0092657649112478785 0.0087936319414654504 0.0098151127266026487 -0.023940220332996386 -0.020684203533852526 0.0092657649112478785 -0.053603170659969501 -0.053489970954196865 -0.053292834814179048 0.050476153559382869 0.0504563869441913 0.050493538021018913 0.050472116679824167 0.050461855518217781 0.050466410266895183 -0.053602563935447115
leaf_weight=0.0052874504472129056 0.0097720621852204204 0.0063978094840422281 0.0049480274901725352 0.0049999480252154171 0.012359957618173212 0.0080804518656805158 0.009263159241527319 0.010360874701291323 0.0058465813053771853 0.010721489321440458 0.0051645419443957508 0.0052715025376528502 0.0075641060248017311 0.0029722318868152797 0.0018561827018857002 0.0016761832230258733 0.0037375909159891307 0.0020255246199667454 0.0052328695310279727 0.0021797469817101955 0.002073748386465013 0.0027047745825257152 0.0036999436852056533
leaf_count=12 8 12 5 5 12 8 6 8 5 7 5 5 6 8 5 5 4 5 6 3 5 5 10
internal_value=9.96266e-11 0.0222847 -0.0308176 -0.0221685 -0.0224937 -0.0233619 0.00946284 0.00927638 0.00871642 0.00981511 -0.0246098 -0.0212012 0.00926576 -0.0536097 -0.0535314 -0.0533964 0.0504684 0.0504579 0.0504863 0.0504656 0.0504616 0.0504644 -0.0536028
internal_weight=0.134197 0.0778803 0.0563164 0.0408244 0.030553 0.018193 0.0535283 0.0442651 0.0231827 0.0210824 0.0101126 0.0102715 0.0134107 0.015492 0.0102045 0.00353237 0.0243521 0.0153816 0.00897046 0.00898379 0.00680405 0.00477852 0.00667218
internal_count=160 80 80 40 30 18 40 34 19 15 10 10 11 40 28 10 40 30 10 18 15 10 18
is_linear=0
shrinkage=0.05


Tree=84
num_leaves=23
num_cat=0
split_feature=2 0 2 4 0 5 3 1 4 5 6 6 0 1 0 4 1 0 1 4 5 0
split_gain=0.0350952 0.0106414 0.00424249 4.81434e-06 6.83047e-06 4.52406e-06 3.43889e-06 9.88815e-06 7.92677e-06 2.0882e-06 1.41419e-07 1.27479e-07 6.49712e-08 3.59307e-08 1.17936e-08 1.5898e-09 4.52884e-10 2.45049e-10 1.33259e-10 4.45802e-11 8.03713e-12 4.71779e-13
threshold=72.500000000000014 79.872879028320327 57.500000000000007 35.442211151123054 39.482965469360359 0.36679254472255712 59.75464057922364 63.16017150878907 64.19608306884767 0.35814735293388372 2.1755837202072148 3.7650185823440556 7.5852658748626718 11.796430587768556 11.570649147033693 92.672641754150405 87.496990203857436 94.018100738525405 92.194244384765639 89.989799499511733 0.98412311077117931 10.493085861206056
decision_type=2 2 2 2 2 2 2 2 2 2 2 2 2 2 2 2 2 2 2 2 2 2
left_child=2 6 12 9 5 -5 -2 8 -8 -4 -11 -9 -1 21 -15 16 -3 -17 19 -18 -21 -14
right_child=1 15 3 4 -6 -7 7 11 -10 10 -12 -13 13 14 -16 17 18 -19 -20 20 -22 -23
leaf_value=-0.053672226197647346 0.0086230127150700494 0.05043017440006077 -0.023316549612749444 -0.022104758184916848 -0.020415526706154385 -0.021260142445535615 0.0091861217034336761 0.010583103036744748 0.0099611381678094257 -0.022392873017116826 -0.022104758184916848 0.010866497864026176 -0.053521493705049897 -0.053407919775045026 -0.053220453710229036 0.050457754570785135 0.050439107972515995 0.050474956423404764 0.050454201214297147 0.050444468787250313 0.050448715198580199 -0.053520627210654571
leaf_weight=0.0050455344899091878 0.0080435601994395256 0.0060717775486409673 0.007352567743510007 0.0069934399798512459 0.0081868421984836459 0.0052442459855228662 0.017502168659120798 0.0073476781835779539 0.0096086661797016859 0.0066243262263014913 0.0047825659858062863 0.0086277887457981706 0.0028333524242043495 0.0017680344171822071 0.0015965408820193261 0.0035482730600051582 0.0019219438836444169 0.0049705630808603019 0.0020695222192443907 0.0019681922567542642 0.0025683536077849567 0.0035255980910733342
leaf_count=12 7 12 8 7 8 5 15 5 7 7 5 6 8 5 5 4 5 6 3 5 5 10
internal_value=1.77711e-10 0.0223003 -0.030689 -0.0220812 -0.02155 -0.0221048 0.00957206 0.00974923 0.00918612 -0.0226595 -0.022236 0.0107362 -0.0535266 -0.0534511 -0.053319 0.0504506 0.0504406 0.0504678 0.050448 0.0504441 0.0504469 -0.053521
internal_weight=0.128202 0.0742485 0.053953 0.039184 0.0204245 0.0122377 0.0511299 0.0430863 0.0271108 0.0187595 0.0114069 0.0159755 0.0147691 0.00972353 0.00336458 0.0231186 0.0145998 0.00851884 0.00852801 0.00645849 0.00453655 0.00635895
internal_count=160 80 80 40 20 12 40 33 22 20 12 11 40 28 10 40 30 10 18 15 10 18
is_linear=0
shrinkage=0.05


Tree=85
num_leaves=22
num_cat=0
split_feature=2 0 2 5 4 5 0 3 0 4 1 0 1 0 4 1 0 1 4 5 0
split_gain=0.033431 0.0100702 0.00404665 4.55294e-06 1.16101e-05 4.70777e-06 3.17033e-06 9.086e-06 1.2029e-06 1.14894e-06 8.35168e-07 5.75995e-08 3.23917e-08 1.07216e-08 1.39161e-09 3.98758e-10 2.19333e-10 1.15669e-10 3.97684e-11 6.76767e-12 2.89612e-15
threshold=72.500000000000014 79.872879028320327 57.500000000000007 0.39036472141742712 35.442211151123054 0.35441604256629949 69.055473327636733 62.27971267700196 40.505910873413093 64.769802093505874 63.544439315795906 7.5852658748626718 11.796430587768556 11.570649147033693 92.672641754150405 87.496990203857436 94.018100738525405 92.194244384765639 89.989799499511733 0.98412311077117931 10.493085861206056
decision_type=2 2 2 2 2 2 2 2 2 2 2 2 2 2 2 2 2 2 2 2 2
left_child=2 6 11 4 8 -6 7 10 -4 -9 -2 -1 20 -14 15 -3 -16 18 -17 -20 -13
right_child=1 14 3 -5 5 -7 -8 9 -10 -11 -12 12 13 -15 16 17 -18 -19 19 -21 -22
leaf_value=-0.053583494515537004 0.0082938665213642578 0.050414061435125092 -0.023528878178760249 -0.020573314290069766 -0.022318918739214114 -0.021399330572917957 0.010393538250817406 0.0092988270851702484 -0.022557320953138719 0.0099204301200209385 0.0089986039315365814 -0.053438316958106497 -0.053328580740419129 -0.053145416203861623 0.05044045722249077 0.050422662431191534 0.05045715141733164 0.050437153577080965 0.050427918882515368 0.050431916942162903 -0.053438247401648958
leaf_weight=0.0048135409306269148 0.010234333749394864 0.0057675830757943922 0.010659792926162481 0.0047773871337994924 0.0048949897172860793 0.012735162221360952 0.011612370144575834 0.011519901803694665 0.0045439833775162706 0.0083576469914987683 0.007134690764360129 0.0026995453517884016 0.0016845292411744595 0.0015197221364360303 0.0033720640349201858 0.0018250560679007322 0.0047235309903044254 0.0019660596153698862 0.0018693216989049688 0.002440205542370677 0.0033585274359211326
leaf_count=12 10 12 12 5 5 13 9 9 5 6 6 8 5 5 4 5 6 3 5 5 10
internal_value=2.04527e-10 0.0223133 -0.0305741 -0.0220155 -0.0222253 -0.0213993 0.00967221 0.00944732 -0.0232385 0.00992043 0.00858335 -0.0534432 -0.0533703 -0.0532417 0.0504337 0.0504241 0.0504502 0.0504313 0.0504275 0.0504302 -0.0534383
internal_weight=0.12251 0.0708228 0.0516872 0.0376113 0.0328339 0.0176302 0.0488589 0.0372466 0.0152038 0.0198775 0.017369 0.0140759 0.00926232 0.00320425 0.0219638 0.0138682 0.0080956 0.00810064 0.00613458 0.00430953 0.00605807
internal_count=160 80 80 40 35 18 40 31 17 15 16 40 28 10 40 30 10 18 15 10 18
is_linear=0
shrinkage=0.05


Tree=86
num_leaves=22
num_cat=0
split_feature=2 0 2 5 6 4 3 6 0 1 0 0 0 1 0 4 1 0 1 4 5
split_gain=0.0318626 0.00952137 0.00386384 4.12586e-06 6.91445e-06 4.37954e-06 2.99016e-06 1.466e-05 3.49942e-06 3.36449e-06 4.21441e-06 1.53722e-06 5.10522e-08 2.95076e-08 9.39627e-09 1.21643e-09 3.52025e-10 1.98574e-10 9.90707e-11 3.47296e-11 5.58248e-12
threshold=72.500000000000014 79.872879028320327 57.500000000000007 0.35814735293388372 2.1983588933944707 35.818746566772468 64.031455993652358 3.8469237089157109 69.055473327636733 63.16017150878907 65.246723175048842 39.482965469360359 7.5852658748626718 11.796430587768556 11.570649147033693 92.672641754150405 87.496990203857436 94.018100738525405 92.194244384765639 89.989799499511733 0.98412311077117931
decision_type=2 2 2 2 2 2 2 2 2 2 2 2 2 2 2 2 2 2 2 2 2
left_child=2 6 12 11 5 -5 8 -8 9 10 -2 -4 -1 -14 -15 16 -3 -17 19 -18 -21
right_child=1 15 3 4 -6 -7 7 -9 -10 -11 -12 -13 13 14 -16 17 18 -19 -20 20 -22
leaf_value=-0.053497240971577979 0.0074295866774003643 0.050398374555923248 -0.023172228814905656 -0.022120603374974009 -0.020007644426924487 -0.021018069506424084 0.0098510957859104607 0.012268479808863817 0.0098510957859104607 0.0094446461736584948 0.0089465764246305941 -0.022120603374974009 -0.053358193804214221 -0.053249319473322891 -0.053073651586327 0.050423579151929521 0.050406667183957789 0.050439875377542735 0.05042057523617547 0.050411845700519264 0.050415571555910102
leaf_weight=0.0045952143846079716 0.0058501725434325635 0.005477151571540162 0.0070281313383020461 0.0097045249422080815 0.0055174453300423911 0.0084752847906202078 0.012853823893237859 0.0068244258873164645 0.0070628911489620796 0.0081517277285456657 0.0059476674650795758 0.0053854268626309931 0.0057763726508710533 0.001605170575203374 0.0014478221419267356 0.0032037157798185936 0.0017330382688669488 0.0044881326612085104 0.0018669822602532804 0.0017752709245542064 0.002318093873327598
leaf_count=12 6 12 8 11 6 9 10 5 6 7 6 6 18 5 5 4 5 6 3 5 5
internal_value=-1.51468e-10 0.0223351 -0.0304592 -0.0219448 -0.021558 -0.0220285 0.00978745 0.0102563 0.00944594 0.0090382 0.00844851 -0.0226832 -0.0533621 -0.0532917 -0.053166 0.0504173 0.0504081 0.0504331 0.050415 0.0504114 0.050414
internal_weight=0.117088 0.0675531 0.0495354 0.0361108 0.0236973 0.0181798 0.0466907 0.0196782 0.0270125 0.0199496 0.0117978 0.0124136 0.0134246 0.00882937 0.00305299 0.0208624 0.0131705 0.00769185 0.00769339 0.0058264 0.00409336
internal_count=160 80 80 40 26 20 40 15 25 19 12 14 40 28 10 40 30 10 18 15 10
is_linear=0
shrinkage=0.05


Tree=87
num_leaves=20
num_cat=0
split_feature=2 0 2 5 4 5 3 1 4 0 0 1 0 4 1 0 1 4 5
split_gain=0.030384 0.00900819 0.00368559 3.81663e-06 1.01087e-05 3.97216e-06 2.6293e-06 8.61194e-06 6.22191e-06 1.01264e-06 4.49904e-08 2.64234e-08 8.51419e-09 1.07545e-09 3.1277e-10 1.78431e-10 8.77556e-11 3.02148e-11 4.22918e-12
threshold=72.500000000000014 79.872879028320327 57.500000000000007 0.39036472141742712 35.442211151123054 0.35441604256629949 59.75464057922364 63.16017150878907 64.19608306884767 40.505910873413093 7.5852658748626718 11.796430587768556 11.570649147033693 92.672641754150405 87.496990203857436 94.018100738525405 92.194244384765639 89.989799499511733 0.98412311077117931
decision_type=2 2 2 2 2 2 2 2 2 2 2 2 2 2 2 2 2 2 2
left_child=2 6 10 4 9 -6 -2 8 -8 -4 -1 -12 -13 14 -3 -15 17 -16 -19
right_child=1 13 3 -5 5 -7 7 -9 -10 -11 11 12 -14 15 16 -17 -18 18 -20
leaf_value=-0.053410768964448629 0.0090102311129173773 0.050383347397221029 -0.023352081301224761 -0.020513684434015508 -0.022187943372036566 -0.021301395000047418 0.0095373589890262959 0.011050910378705953 0.010294134683866125 -0.022423644220193436 -0.053277658773967444 -0.053172580663963645 -0.053001274241789791 0.05040760747531095 0.050391366979360586 0.050423449643218599 0.050404784240172175 0.050396501874300649 0.050399828833938079
leaf_weight=0.0043862430611625322 0.007017435389570891 0.0052032133535249159 0.0098228649003431201 0.0044036990730091921 0.0045125950709916643 0.011743632494471967 0.01526864490006119 0.013960672193206847 0.0083854529657401145 0.0041894984897226104 0.0055069971131160855 0.0015300744562409818 0.0013790861703455448 0.0030459641711786381 0.001645947020733729 0.0042676272278185934 0.0017739265458658338 0.0016866103833308443 0.0022027401282684878
leaf_count=12 7 12 12 5 5 13 15 11 7 5 18 5 5 4 5 6 3 5 5
internal_value=-9.91293e-11 0.0223566 -0.0303544 -0.021889 -0.0220891 -0.0213014 0.00989873 0.0100645 0.00953736 -0.0230745 -0.0532809 -0.0532133 -0.0530914 0.0504016 0.0503927 0.0504169 0.0503994 0.0503959 0.0503984
internal_weight=0.111933 0.0644582 0.0474747 0.0346723 0.0302686 0.0162562 0.0446322 0.0376148 0.0236541 0.0140124 0.0128024 0.00841616 0.00290916 0.019826 0.0125124 0.00731359 0.00730922 0.0055353 0.00388935
internal_count=160 80 80 40 35 18 40 33 22 17 40 28 10 40 30 10 18 15 10
is_linear=0
shrinkage=0.05


Tree=88
num_leaves=22
num_cat=0
split_feature=2 0 2 6 0 5 6 1 4 3 5 4 0 1 0 4 1 0 1 4 5
split_gain=0.0289455 0.00853735 0.00352311 3.4313e-06 8.22056e-06 8.74938e-06 2.51336e-06 6.0141e-06 6.33124e-06 1.57409e-06 1.26407e-06 7.29892e-07 3.98702e-08 2.41473e-08 7.481e-09 9.44342e-10 2.75398e-10 1.60354e-10 7.66874e-11 2.68246e-11 3.57231e-12
threshold=72.500000000000014 79.872879028320327 57.500000000000007 2.1983588933944707 39.482965469360359 0.37265501916408544 3.6784167289733891 63.16017150878907 64.19608306884767 62.27971267700196 0.35683143138885504 36.284231185913093 7.5852658748626718 11.796430587768556 11.570649147033693 92.672641754150405 87.496990203857436 94.018100738525405 92.194244384765639 89.989799499511733 0.98412311077117931
decision_type=2 2 2 2 2 2 2 2 2 2 2 2 2 2 2 2 2 2 2 2 2
left_child=2 6 12 4 5 10 -2 8 -8 -9 -4 -5 -1 -14 -15 16 -3 -17 19 -18 -21
right_child=1 15 3 11 -6 -7 7 9 -10 -11 -12 -13 13 14 -16 17 18 -19 -20 20 -22
leaf_value=-0.053327943999641886 0.0089874715430313789 0.050369060876598364 -0.024731260365776653 -0.021411867638637044 -0.021517175718406487 -0.022217408026853652 0.0095588355133268965 0.010357087655689809 0.01034095163862811 0.011483879522698425 -0.023492193397065774 -0.020478213322416221 -0.053200663069636389 -0.053096250243462317 -0.052931790761787473 0.050392284144849323 0.050376778794443515 0.050407683753051151 0.050389673898337484 0.050381780101586116 0.05038491599393935
leaf_weight=0.0041891296277754017 0.0055282205576077095 0.004946645800373517 0.0040292003541253507 0.0040754848159849644 0.010079747589770705 0.0065839607268571862 0.014649807591922581 0.0053384805796667933 0.009752355981618166 0.0073898774571716785 0.0042081164428964257 0.0043038412113673985 0.0052532294939737767 0.0014587849145755172 0.0013146397395757958 0.0028970276471227399 0.0015642976795788854 0.0040587754920125008 0.0016865615907590836 0.0016032868879847229 0.002094691211823374
leaf_count=12 5 12 5 5 12 8 15 5 9 6 5 5 18 5 5 4 5 6 3 5 5
internal_value=-3.2298e-11 0.0223651 -0.0302372 -0.0218075 -0.022102 -0.0229176 0.00998211 0.0101302 0.00967062 0.0110113 -0.0240983 -0.0209323 -0.0532029 -0.0531376 -0.0530183 0.0503866 0.0503781 0.0504013 0.0503845 0.0503812 0.0503836
internal_weight=0.107006 0.06151 0.0454961 0.0332804 0.024901 0.0148213 0.0426587 0.0371305 0.0244022 0.0127284 0.00823732 0.00837933 0.0122158 0.00802665 0.00277342 0.0188513 0.0118955 0.0069558 0.00694884 0.00526228 0.00369798
internal_count=160 80 80 40 30 18 40 35 24 11 10 10 40 28 10 40 30 10 18 15 10
is_linear=0
shrinkage=0.05


Tree=89
num_leaves=21
num_cat=0
split_feature=2 0 2 5 0 6 4 3 1 6 3 0 1 0 4 1 0 1 4 5
split_gain=0.0275755 0.00809335 0.00337075 3.18362e-06 9.74616e-06 5.98126e-06 2.74976e-06 2.41847e-06 4.06092e-06 4.12129e-06 2.02882e-06 3.53544e-08 2.19655e-08 6.45889e-09 8.13099e-10 2.43558e-10 1.43107e-10 6.54704e-11 2.34872e-11 3.26625e-12
threshold=72.500000000000014 79.872879028320327 57.500000000000007 0.36679254472255712 40.014465332031257 2.1755837202072148 35.818746566772468 66.837356567382827 62.733404159545906 3.8469237089157109 62.27971267700196 7.5852658748626718 11.796430587768556 11.570649147033693 92.672641754150405 87.496990203857436 94.018100738525405 92.194244384765639 89.989799499511733 0.98412311077117931
decision_type=2 2 2 2 2 2 2 2 2 2 2 2 2 2 2 2 2 2 2 2
left_child=2 7 11 5 6 -4 -5 8 9 -2 -10 -1 -13 -14 15 -3 -16 18 -17 -20
right_child=1 14 3 4 -6 -7 -8 -9 10 -11 -12 12 13 -15 16 17 -18 -19 19 -21
leaf_value=-0.053247037059145776 0.0085028312808222897 0.05035532931056444 -0.023139194640161311 -0.021727677806469899 -0.019654946705298115 -0.021727677806469899 -0.020691312255884005 0.010903561425156595 0.0098777021992237091 0.0098777021992237091 0.010394909940713326 -0.053125175773275406 -0.053021267101935804 -0.052864798424649188 0.050377388570875974 0.050362772093390046 0.050392306643975551 0.050375059271637913 0.050367593940043892 0.050370668677062296
leaf_weight=0.0040023575420491397 0.007946736877784133 0.0047038779448485002 0.0094686340889893472 0.0053552890894934535 0.0066139326663687817 0.0062278955010697237 0.0042789994040504098 0.0070671992143616072 0.0078860443318262696 0.0096913458546623588 0.0081822521751746535 0.0050135883066104725 0.0013913779839640483 0.0012539353338070214 0.0027551072416827074 0.001487817513407208 0.0038597179373027757 0.0016036228771554306 0.0015243540838127956 0.0019929682021029294
leaf_count=12 9 12 12 7 8 8 5 6 8 10 7 18 5 5 4 5 6 3 5 5
internal_value=-2.31136e-11 0.0223732 -0.0301182 -0.0217191 -0.0212285 -0.0222269 -0.0217277 0.0100626 0.00988626 0.00936049 0.0103949 -0.0531266 -0.0530637 -0.0529471 0.0503722 0.050364 0.0503861 0.0503702 0.0503671 0.0503693
internal_weight=0.102307 0.058701 0.043606 0.0319448 0.0162482 0.0156965 0.00963429 0.0407736 0.0337064 0.0176381 0.0160683 0.0116613 0.0076589 0.00264531 0.0179275 0.0113126 0.00661483 0.00660876 0.00500514 0.00351732
internal_count=160 80 80 40 20 20 12 40 34 19 15 40 28 10 40 30 10 18 15 10
is_linear=0
shrinkage=0.05


Tree=90
num_leaves=23
num_cat=0
split_feature=2 0 2 4 0 5 0 3 6 4 1 0 0 1 0 4 1 0 1 4 5 0
split_gain=0.0263214 0.00766136 0.00321707 2.9816e-06 4.55301e-06 3.01535e-06 2.26663e-06 6.68016e-06 1.24675e-06 8.29098e-07 5.92642e-07 2.08742e-07 3.12496e-08 1.99157e-08 5.7783e-09 7.12958e-10 2.13883e-10 1.30848e-10 5.90141e-11 2.12943e-11 2.79957e-12 2.83114e-13
threshold=72.500000000000014 79.872879028320327 57.500000000000007 35.442211151123054 39.482965469360359 0.36679254472255712 69.055473327636733 62.27971267700196 2.1983588933944707 64.769802093505874 63.544439315795906 39.482965469360359 7.5852658748626718 11.796430587768556 11.570649147033693 92.672641754150405 87.496990203857436 94.018100738525405 92.194244384765639 89.989799499511733 0.98412311077117931 10.493085861206056
decision_type=2 2 2 2 2 2 2 2 2 2 2 2 2 2 2 2 2 2 2 2 2 2
left_child=2 6 12 8 5 -5 7 10 11 -9 -2 -4 -1 21 -15 16 -3 -17 19 -18 -21 -14
right_child=1 15 3 4 -6 -7 -8 9 -10 -11 -12 -13 13 14 -16 17 18 -19 -20 20 -22 -23
leaf_value=-0.05316556820997248 0.0088568122173112995 0.05034199230696388 -0.022628909710176157 -0.021690371883150913 -0.020147595853181651 -0.020918983868166281 0.0108571101453481 0.009810640980521465 -0.021690371883150913 0.010409527296337756 0.0095217304909684906 -0.022166390226477938 -0.05304951898485754 -0.052947280147436875 -0.052795724590351915 0.050363001416963517 0.050349145044653244 0.050377628407371026 0.050360943908025493 0.050353787431325195 0.050356706901666062 -0.053048745158303517
leaf_weight=0.0038236019317992032 0.0081497255596332252 0.0044726764317601919 0.0072408849373459816 0.0054716152371838689 0.0064186357776634386 0.004110929963644594 0.0092801900464110076 0.0091928354231640697 0.0037593020824715504 0.0066784899681806556 0.0056915139430202552 0.0036788253346458077 0.002133089437847957 0.0013273042713990435 0.0011952911008847877 0.0026196231483481816 0.0014138025580905378 0.0036723731609527022 0.0015255427570082247 0.0014488965825876221 0.0018952921527670696 0.0026509240415180102
leaf_count=12 10 12 10 7 8 5 9 9 5 6 6 5 8 5 5 4 5 6 3 5 5 10
internal_value=2.30972e-10 0.0223991 -0.0300228 -0.0216691 -0.021197 -0.0216904 0.010175 0.00996194 -0.0221837 0.0104095 0.00913023 -0.0224731 -0.0530498 -0.0529891 -0.0528755 0.0503582 0.0503503 0.0503715 0.0503563 0.0503532 0.0503554 -0.0530491
internal_weight=0.0978514 0.056041 0.0418104 0.0306802 0.0160012 0.00958255 0.0389928 0.0297126 0.014679 0.0158713 0.0138412 0.0109197 0.0111302 0.00730661 0.0025226 0.0170482 0.0107562 0.006292 0.00628353 0.00475799 0.00334419 0.00478401
internal_count=160 80 80 40 20 12 40 31 20 15 16 15 40 28 10 40 30 10 18 15 10 18
is_linear=0
shrinkage=0.05


Tree=91
num_leaves=22
num_cat=0
split_feature=2 0 2 5 4 5 3 1 6 3 0 0 1 0 4 1 0 1 4 5 0
split_gain=0.0251327 0.00725278 0.00307137 2.75916e-06 7.68464e-06 3.05221e-06 2.11937e-06 3.52481e-06 3.51582e-06 1.79039e-06 6.82345e-07 2.75994e-08 1.79198e-08 5.21014e-09 6.25239e-10 1.89203e-10 1.18242e-10 5.06698e-11 1.86907e-11 2.29596e-12 5.50289e-14
threshold=72.500000000000014 79.872879028320327 57.500000000000007 0.39036472141742712 35.442211151123054 0.35441604256629949 66.837356567382827 62.733404159545906 3.8469237089157109 62.27971267700196 40.505910873413093 7.5852658748626718 11.796430587768556 11.570649147033693 92.672641754150405 87.496990203857436 94.018100738525405 92.194244384765639 89.989799499511733 0.98412311077117931 10.493085861206056
decision_type=2 2 2 2 2 2 2 2 2 2 2 2 2 2 2 2 2 2 2 2 2
left_child=2 6 11 4 10 -6 7 8 -2 -9 -4 -1 20 -14 15 -3 -16 18 -17 -20 -13
right_child=1 14 3 -5 5 -7 -8 9 -10 -11 -12 12 13 -15 16 17 -18 -19 19 -21 -22
leaf_value=-0.053085713676685721 0.0087766880605262051 0.050329104296900531 -0.022984991992039516 -0.020351885248494819 -0.021907919099256403 -0.02107814309405211 0.011112164843970766 0.010109505563804844 0.010109505563804844 0.010614456251254093 -0.022158126976409277 -0.052974453301352455 -0.052875444744896416 -0.052728105475552935 0.050349189234874775 0.050336002986930466 0.050363445042341887 0.050347337391583064 0.050340574669967747 0.05034328573742463 -0.052974104104971477
leaf_weight=0.0036537675478029996 0.0072627185727469614 0.0042532380321063101 0.0083423909964039922 0.0037455011624842873 0.0038365375366993257 0.0099850083352066576 0.0064696178305894128 0.0072119702235795557 0.0088641551556065679 0.0074862015899270773 0.0035596286761574456 0.0020361386850709096 0.0012668367562582716 0.0011398659116821364 0.0024919881252571932 0.0013443760253721848 0.0034938966418849304 0.0014506113948300481 0.0013778240536339581 0.0018027490295935422 0.0025301981077063829
leaf_count=12 9 12 12 5 5 13 6 8 10 7 5 8 5 5 4 5 6 3 5 5 10
internal_value=-7.82161e-11 0.0224272 -0.0299299 -0.0216198 -0.0218044 -0.0210781 0.0102894 0.0101167 0.00960455 0.0106145 -0.0227377 -0.0529744 -0.0529161 -0.0528057 0.0503447 0.0503372 0.0503575 0.0503429 0.05034 0.0503421 -0.0529743
internal_weight=0.0936052 0.0535093 0.0400959 0.0294691 0.0257236 0.0138215 0.0372947 0.030825 0.0161269 0.0146982 0.011902 0.0106268 0.00697304 0.0024067 0.0162147 0.0102288 0.00598588 0.00597556 0.00452495 0.00318057 0.00456634
internal_count=160 80 80 40 35 18 40 34 19 15 17 40 28 10 40 30 10 18 15 10 18
is_linear=0
shrinkage=0.05


Tree=92
num_leaves=23
num_cat=0
split_feature=2 0 2 5 6 4 3 6 0 1 0 4 0 1 0 4 1 0 1 4 5 0
split_gain=0.0239835 0.00687329 0.00293703 2.51718e-06 4.57395e-06 2.96984e-06 1.98127e-06 1.0925e-05 2.36481e-06 2.26574e-06 3.11756e-06 1.25238e-06 2.44238e-08 1.63222e-08 4.57149e-09 5.48994e-10 1.6646e-10 1.08389e-10 4.57795e-11 1.68936e-11 1.96218e-12 2.74086e-15
threshold=72.500000000000014 79.872879028320327 57.500000000000007 0.35814735293388372 2.1983588933944707 35.818746566772468 64.031455993652358 3.8469237089157109 69.055473327636733 63.16017150878907 65.246723175048842 34.139917373657234 7.5852658748626718 11.796430587768556 11.570649147033693 92.672641754150405 87.496990203857436 94.018100738525405 92.194244384765639 89.989799499511733 0.98412311077117931 10.493085861206056
decision_type=2 2 2 2 2 2 2 2 2 2 2 2 2 2 2 2 2 2 2 2 2 2
left_child=2 6 12 11 5 -5 8 -8 9 10 -2 -4 -1 21 -15 16 -3 -17 19 -18 -21 -14
right_child=1 15 3 4 -6 -7 7 -9 -10 -11 -12 -13 13 14 -16 17 18 -19 -20 20 -22 -23
leaf_value=-0.053008571460405267 0.0081163236981122832 0.050316793920254489 -0.022996753746067498 -0.021707512673725185 -0.019787699212651735 -0.020715689555990596 0.010445941174327547 0.012819671055515453 0.010445941174327547 0.010064719121578426 0.0095967699679446444 -0.021798012662314153 -0.052902185169952556 -0.052804356731196767 -0.052663084514382168 0.050335920451823696 0.050323428206292709 0.050349912391443243 0.050334317188239865 0.050327828791567303 0.050330398529357945 -0.05290210542358164
leaf_weight=0.0034933518036268651 0.0044544611591845751 0.0040463300101691857 0.0032943389378488064 0.0075981031986884773 0.0043284120620228341 0.0066447852295823395 0.0098199478816241026 0.0052274169865995654 0.0054008628940209738 0.0062271162169054159 0.0045375570189207792 0.0064346583094447851 0.0019445959769655019 0.0012091988028259948 0.0010877913591684774 0.0023707304499112078 0.0012781375844497234 0.0033257933537242934 0.0013806654460495338 0.0013103030796628445 0.0017153102380689234 0.0024163552734535187
leaf_count=12 6 12 5 11 6 9 10 5 6 7 6 9 8 5 5 4 5 6 3 5 5 10
internal_value=1.14263e-10 0.0224477 -0.0298286 -0.0215524 -0.0212111 -0.0216437 0.010387 0.0108232 0.0100687 0.0096835 0.00912882 -0.0222039 -0.0529015 -0.0528453 -0.0527375 0.0503318 0.0503245 0.0503441 0.0503301 0.0503272 0.0503293 -0.0529021
internal_weight=0.0895462 0.0510946 0.0384516 0.0283003 0.0185713 0.0142429 0.0356674 0.0150474 0.02062 0.0152191 0.00899202 0.009729 0.0101513 0.00665794 0.00229699 0.0154273 0.00973075 0.00569652 0.00568442 0.00430375 0.00302561 0.00436095
internal_count=160 80 80 40 26 20 40 15 25 19 12 14 40 28 10 40 30 10 18 15 10 18
is_linear=0
shrinkage=0.05


Tree=93
num_leaves=20
num_cat=0
split_feature=2 0 2 5 4 5 3 1 4 0 0 1 0 4 1 0 1 6 0
split_gain=0.0229026 0.00651529 0.00280533 2.32594e-06 6.55826e-06 2.67145e-06 1.83731e-06 5.94207e-06 4.27334e-06 6.28889e-07 2.13308e-08 1.46401e-08 4.10875e-09 4.87185e-10 1.48235e-10 9.7483e-11 4.07012e-11 1.56953e-11 9.79199e-14
threshold=72.500000000000014 79.872879028320327 57.500000000000007 0.39036472141742712 35.442211151123054 0.35441604256629949 59.75464057922364 63.16017150878907 64.19608306884767 40.505910873413093 7.5852658748626718 11.796430587768556 11.570649147033693 92.672641754150405 87.496990203857436 94.018100738525405 92.194244384765639 5.6442871093750009 10.493085861206056
decision_type=2 2 2 2 2 2 2 2 2 2 2 2 2 2 2 2 2 2 2
left_child=2 6 10 4 9 -6 -2 8 -8 -4 -1 18 -13 14 -3 -15 17 -16 -12
right_child=1 13 3 -5 5 -7 7 -9 -10 -11 11 12 -14 15 16 -17 -18 -19 -20
leaf_value=-0.052931042730335477 0.0096364119180089719 0.050304934285980901 -0.0228241773389668 -0.020289959839635788 -0.021780596399768305 -0.02098429921980885 0.010140641437748364 0.011580743228789152 0.010860692333268758 -0.021997538218184023 -0.052830291561852386 -0.052735292628721203 -0.052598203144456949 0.050323363503366518 0.050312243614725506 0.050336961824625027 0.05032186808596481 0.050318439378355673 -0.05282980380561271
leaf_weight=0.0033389433810953051 0.0053578555234707883 0.0038499947695527226 0.0076913477969355881 0.0034543242654763153 0.003540445934049786 0.0092121492489241064 0.011661031749099493 0.010689206828828901 0.0064135037246160201 0.0032828649273142219 0.0018572922417661175 0.0011544501758180559 0.0010379921441199258 0.0022572774905711421 0.0022762620210414752 0.0031671275646658614 0.0013138754438841715 0.0018188084795838222 0.0023072056792443618
leaf_count=12 7 12 12 5 5 13 15 11 7 5 8 5 5 4 7 6 3 8 10
internal_value=-1.73286e-10 0.0224706 -0.0297387 -0.0215022 -0.0216786 -0.0209843 0.0104865 0.0106449 0.0101406 -0.0225769 -0.0528287 -0.052775 -0.0526704 0.0503194 0.0503124 0.0503313 0.0503178 0.050315 -0.05283
internal_weight=0.085682 0.0488049 0.036877 0.0271811 0.0237268 0.0127526 0.0341216 0.0287637 0.0180745 0.0109742 0.00969588 0.00635694 0.00219244 0.0146833 0.00925894 0.00542441 0.00540895 0.00409507 0.0041645
internal_count=160 80 80 40 35 18 40 33 22 17 40 28 10 40 30 10 18 15 18
is_linear=0
shrinkage=0.05


Tree=94
num_leaves=20
num_cat=0
split_feature=2 0 2 5 6 4 6 1 4 4 3 0 1 4 1 0 1 6 0
split_gain=0.0218491 0.00618586 0.0026851 2.08682e-06 3.89923e-06 2.5113e-06 1.60394e-06 4.06013e-06 4.26604e-06 1.02252e-06 9.32122e-07 1.8912e-08 1.33549e-08 4.29259e-10 1.30968e-10 8.75571e-11 3.57327e-11 1.38191e-11 1.22298e-16
threshold=72.500000000000014 79.872879028320327 57.500000000000007 0.35814735293388372 2.1983588933944707 35.818746566772468 3.6784167289733891 63.16017150878907 64.19608306884767 34.139917373657234 62.27971267700196 7.5852658748626718 11.796430587768556 92.672641754150405 87.496990203857436 94.018100738525405 92.194244384765639 5.6442871093750009 10.493085861206056
decision_type=2 2 2 2 2 2 2 2 2 2 2 2 2 2 2 2 2 2 2
left_child=2 6 11 9 5 -5 -2 8 -8 -4 -9 -1 18 14 -3 -15 17 -16 -13
right_child=1 13 3 4 -6 -7 7 10 -10 -11 -12 12 -14 15 16 -17 -18 -19 -20
leaf_value=-0.052857217073213884 0.0096521333954137315 0.050293643186848071 -0.022791276388917384 -0.021574207512099975 -0.019735312361334776 -0.020627428952008559 0.010173807110896674 0.010947077733747928 0.010893030114259995 -0.02166314730134582 0.01193804959434038 -0.052760709514002663 -0.052604690574215685 0.050311307528687399 0.050300697490626378 0.050324512656204849 0.050309942101527338 0.050306650035553457 -0.052760691935745153
leaf_weight=0.0031935006263665855 0.0042324371170252553 0.0036656438605859876 0.0030358550138771534 0.0070030571077950299 0.0039930841303430489 0.0061301191453821957 0.011199023865628988 0.0040858889115042984 0.00746027729474008 0.0059361158055253327 0.0056602727272547781 0.0017746512603480369 0.0020935377688147128 0.002150013344362379 0.0021675759489880875 0.0030164898926159367 0.0012510313827078789 0.0017313642310909927 0.0022042275813873857
leaf_count=12 5 12 5 11 6 9 15 5 9 9 6 8 10 4 7 6 3 8 10
internal_value=-1.15373e-10 0.0224811 -0.0296365 -0.0214271 -0.0211035 -0.0215195 0.0105602 0.0106955 0.0102635 -0.0220449 0.0115226 -0.0527587 -0.0527069 0.0503076 0.0503009 0.050319 0.050306 0.0503034 -0.0527607
internal_weight=0.0819842 0.04662 0.0353641 0.0260982 0.0171263 0.0131332 0.0326379 0.0284055 0.0186593 0.00897197 0.00974616 0.00926592 0.00607242 0.0139821 0.00881562 0.0051665 0.00514997 0.00389894 0.00397888
internal_count=160 80 80 40 26 20 40 35 24 14 11 40 28 40 30 10 18 15 18
is_linear=0
shrinkage=0.05


Tree=95
num_leaves=20
num_cat=0
split_feature=2 0 2 5 4 5 3 1 6 3 0 0 1 4 1 0 1 6 0
split_gain=0.0208663 0.00587071 0.00256632 1.89482e-06 5.59365e-06 2.27538e-06 1.59746e-06 2.61653e-06 2.67142e-06 1.39867e-06 6.15022e-07 1.65554e-08 1.19984e-08 3.7149e-10 1.1612e-10 7.79157e-11 3.05589e-11 1.18473e-11 2.64485e-14
threshold=72.500000000000014 79.872879028320327 57.500000000000007 0.39036472141742712 35.442211151123054 0.35441604256629949 66.837356567382827 62.733404159545906 3.8469237089157109 62.27971267700196 40.505910873413093 7.5852658748626718 11.796430587768556 92.672641754150405 87.496990203857436 94.018100738525405 92.194244384765639 5.6442871093750009 10.493085861206056
decision_type=2 2 2 2 2 2 2 2 2 2 2 2 2 2 2 2 2 2 2
left_child=2 6 11 4 10 -6 7 8 -2 -9 -4 -1 18 14 -3 -15 17 -16 -13
right_child=1 13 3 -5 5 -7 -8 9 -10 -11 -12 12 -14 15 16 -17 -18 -19 -20
leaf_value=-0.052783040946279405 0.0092105671093372279 0.050282779371689151 -0.022660233364170591 -0.02023553636214211 -0.021646791116198712 -0.020887987994845061 0.011426692266617178 0.010477521801537345 0.010477521801537345 0.010954653865761872 -0.021808677910173314 -0.052691499063983606 -0.052540044035058166 0.050299598740291655 0.050289667454231461 0.050312363349818159 0.050298400338250608 0.050295295538692497 -0.052691233745284165
leaf_weight=0.0030533866374753416 0.0060750523116439581 0.0034910702670458704 0.0070907615590840578 0.0031872430117800823 0.003265153383836151 0.0084975308272987604 0.0054222203907556823 0.0060359984054230154 0.0074232918559573591 0.0062736507970839739 0.0030248549883253872 0.0016957444895524532 0.0019993139867438003 0.0020476126810535797 0.0020653004903579131 0.0028727751632686704 0.0011913100606761873 0.0016485760424984619 0.002105530074913986
leaf_count=12 9 12 12 5 5 13 6 8 10 7 5 8 10 4 7 6 3 8 10
internal_value=1.15329e-10 0.0224992 -0.0295484 -0.0213745 -0.0215404 -0.020888 0.0106465 0.0104826 0.0100004 0.0109547 -0.0224056 -0.0526888 -0.0526392 0.0502961 0.0502897 0.0503071 0.0502947 0.0502922 -0.0526914
internal_weight=0.0784664 0.0445469 0.0339195 0.0250655 0.0218783 0.0117627 0.0312302 0.025808 0.0134983 0.0123096 0.0101156 0.00885398 0.00580059 0.0133166 0.00839626 0.00492039 0.00490519 0.00371388 0.00380127
internal_count=160 80 80 40 35 18 40 34 19 15 17 40 28 40 30 10 18 15 18
is_linear=0
shrinkage=0.05


Tree=96
num_leaves=20
num_cat=0
split_feature=2 0 2 6 0 5 3 1 4 5 4 0 1 4 1 0 1 6 0
split_gain=0.0199292 0.00556981 0.00245613 1.74585e-06 5.03721e-06 5.53363e-06 1.51592e-06 4.67752e-06 3.54218e-06 7.30099e-07 3.57961e-07 1.46612e-08 1.09164e-08 3.26755e-10 1.02276e-10 7.13121e-11 2.76157e-11 1.11696e-11 8.67362e-19
threshold=72.500000000000014 79.872879028320327 57.500000000000007 2.1983588933944707 39.482965469360359 0.37265501916408544 59.75464057922364 63.16017150878907 64.19608306884767 0.35683143138885504 36.284231185913093 7.5852658748626718 11.796430587768556 92.672641754150405 87.496990203857436 94.018100738525405 92.194244384765639 5.6442871093750009 10.493085861206056
decision_type=2 2 2 2 2 2 2 2 2 2 2 2 2 2 2 2 2 2 2
left_child=2 6 11 4 5 9 -2 8 -8 -4 -5 -1 18 14 -3 -15 17 -16 -13
right_child=1 13 3 10 -6 -7 7 -9 -10 -11 -12 12 -14 15 16 -17 -18 -19 -20
leaf_value=-0.052711923887874261 0.0099122928838093899 0.05027224961134108 -0.024003603063439505 -0.020972429267820898 -0.021067686600999763 -0.021696077425709132 0.010401824164504539 0.01177768251406157 0.011089753339283054 -0.022896050457466042 -0.020204179228820243 -0.05262438931615742 -0.052476746529121876 0.050288272869471323 0.050278744952549331 0.050300785911098489 0.050287266557386801 0.050284262173276008 -0.052624387598150593
leaf_weight=0.0029218809504527599 0.0046896046842448405 0.0033243597135879099 0.0029127469751983881 0.0029489055741578332 0.0072932099574245504 0.0047582567203789949 0.010208648687694222 0.0093666212633252144 0.0056169768213294438 0.0030419236281886697 0.0031209610751830041 0.0016210702160606161 0.0019100996723864228 0.001949726225575433 0.0019657918310258538 0.0027369767485652119 0.0011348772677592933 0.0015698764036642388 0.0020127366733504459
leaf_count=12 7 12 5 5 12 8 15 11 7 5 5 8 10 4 7 6 3 8 10
internal_value=2.57329e-12 0.0225207 -0.0294562 -0.0213108 -0.021558 -0.0223245 0.0107377 0.0108914 0.0104018 -0.0234378 -0.0205774 -0.0526213 -0.0525735 0.0502851 0.050279 0.0502956 0.0502837 0.0502813 -0.0526244
internal_weight=0.0751053 0.0425635 0.0325418 0.024076 0.0180061 0.0107129 0.0298819 0.0251922 0.0158256 0.00595467 0.00606987 0.00846579 0.00554391 0.0126816 0.00799491 0.0046867 0.00467055 0.00353567 0.00363381
internal_count=160 80 80 40 30 18 40 33 22 10 10 40 28 40 30 10 18 15 18
is_linear=0
shrinkage=0.05


Tree=97
num_leaves=20
num_cat=0
split_feature=2 0 2 5 0 6 4 0 3 4 1 0 1 4 1 0 1 6 0
split_gain=0.0190174 0.00529325 0.00235409 1.64443e-06 5.93655e-06 3.69636e-06 1.46965e-06 1.3973e-06 4.40363e-06 4.51196e-07 4.09624e-07 1.30192e-08 9.93495e-09 2.88265e-10 9.0364e-11 6.40753e-11 2.42607e-11 9.83746e-12 1.92806e-14
threshold=72.500000000000014 79.872879028320327 57.500000000000007 0.36679254472255712 40.014465332031257 2.1755837202072148 35.818746566772468 69.055473327636733 62.27971267700196 64.769802093505874 63.544439315795906 7.5852658748626718 11.796430587768556 92.672641754150405 87.496990203857436 94.018100738525405 92.194244384765639 5.6442871093750009 10.493085861206056
decision_type=2 2 2 2 2 2 2 2 2 2 2 2 2 2 2 2 2 2 2
left_child=2 7 11 5 6 -4 -5 8 10 -10 -2 -1 18 14 -3 -15 17 -16 -13
right_child=1 13 3 4 -6 -7 -8 -9 9 -11 -12 12 -14 15 16 -17 -18 -19 -20
leaf_value=-0.052642923439803729 0.009548030769475158 0.05026219822924094 -0.022518262123146771 -0.021236085496250053 -0.019356188786090883 -0.021236085496250053 -0.02029613714117047 0.011427774021233787 0.010467399555357578 0.01101751993672806 0.010193993432403393 -0.052559337902294501 -0.05241515058530051 0.050277556869893707 0.050268464787673377 0.050289706671818583 0.050276652764759039 0.05027376664731209 -0.052559100974233164
leaf_weight=0.0027968330396106467 0.005959307833109051 0.0031671663746237755 0.0068499121116474271 0.0038678216515108943 0.0047915857867337763 0.004506793397013098 0.0031018080771900713 0.0068117785849608472 0.0067416760139167309 0.0049032856477424502 0.0041725889313966036 0.0015504585026064888 0.0018256682669743896 0.0018582107732072473 0.0018730825540842488 0.0026084222190547734 0.0010812279360834509 0.001495377320679836 0.0019244572176830843
leaf_count=12 10 12 12 7 8 8 5 9 9 6 6 8 10 4 7 6 3 8 10
internal_value=-2.11302e-10 0.0225296 -0.0293551 -0.0212287 -0.0208143 -0.0216579 -0.0212361 0.0108028 0.0106073 0.0110175 0.00981406 -0.0525556 -0.0525096 0.0502746 0.0502687 0.0502847 0.0502732 0.0502709 -0.0525592
internal_weight=0.0718875 0.0406721 0.0312153 0.0231179 0.0117612 0.0113567 0.00696963 0.0285886 0.0217769 0.011645 0.0101319 0.00809742 0.00530058 0.0120835 0.00761685 0.00446663 0.00444969 0.00336846 0.00347492
internal_count=160 80 80 40 20 20 12 40 31 15 16 40 28 40 30 10 18 15 18
is_linear=0
shrinkage=0.05


Tree=98
num_leaves=22
num_cat=0
split_feature=2 0 2 4 0 5 3 6 0 1 0 6 0 0 1 4 1 0 1 6 0
split_gain=0.0181856 0.00502083 0.00225051 1.46157e-06 2.94059e-06 1.70798e-06 1.31418e-06 8.35823e-06 1.61455e-06 1.54791e-06 2.23528e-06 6.24296e-07 1.17183e-07 1.15478e-08 8.99375e-09 2.53607e-10 7.99514e-11 5.75972e-11 2.09566e-11 8.60166e-12 2.25589e-13
threshold=72.500000000000014 79.872879028320327 57.500000000000007 35.442211151123054 39.482965469360359 0.36679254472255712 64.031455993652358 3.8469237089157109 69.055473327636733 63.16017150878907 65.246723175048842 2.1983588933944707 39.482965469360359 7.5852658748626718 11.796430587768556 92.672641754150405 87.496990203857436 94.018100738525405 92.194244384765639 5.6442871093750009 10.493085861206056
decision_type=2 2 2 2 2 2 2 2 2 2 2 2 2 2 2 2 2 2 2 2 2
left_child=2 6 13 11 5 -5 8 -8 9 10 -2 12 -4 -1 20 16 -3 -17 19 -18 -15
right_child=1 15 3 4 -6 -7 7 -9 -10 -11 -12 -13 -14 14 -16 17 18 -19 -20 -21 -22
leaf_value=-0.052573847364275186 0.0087350446607046637 0.050252407531142476 -0.021989318821297635 -0.021204455182356925 -0.019793453469360775 -0.02049895432585885 0.010960252184023826 0.013316264242518923 0.010960252184023826 0.010602182163941133 0.01016084215600181 -0.021204455182356925 -0.021581773162298132 -0.052494187629209092 -0.05235352580011169 0.050267111224585784 0.050258492123475176 0.05027891234064881 0.050266316214825295 0.050263561348491304 -0.05249335880779591
leaf_weight=0.0026765784568851805 0.0034086783998645842 0.0030166304059093818 0.005235161806922406 0.0039615113055333495 0.0046523899072781205 0.0029811305576004088 0.0075351113337092102 0.0040205522673204541 0.0041477789054624728 0.0047770680976100266 0.0034774651285260916 0.0027220290503464648 0.0026600068085826933 0.0014826133847236633 0.0017444401746615767 0.0017703995399642736 0.0017844879039330408 0.0024855204537743703 0.0010297747212462127 0.0014242328761611134 0.0018397034873487428
leaf_count=12 6 12 10 7 8 5 10 5 6 7 6 5 5 8 10 4 7 6 3 8 10
internal_value=2.39073e-10 0.0225591 -0.0292783 -0.0211866 -0.0207985 -0.0212045 0.0109057 0.011311 0.0106095 0.0102441 0.0097195 -0.0216104 -0.021852 -0.0524898 -0.0524455 0.0502643 0.0502586 0.050274 0.0502631 0.0502608 -0.0524937
internal_weight=0.0688333 0.0388777 0.0299556 0.0222122 0.011595 0.00694264 0.0273667 0.0115557 0.015811 0.0116632 0.00688614 0.0106172 0.00789517 0.00774334 0.00506676 0.011511 0.00725513 0.00425592 0.0042385 0.00320872 0.00332232
internal_count=160 80 80 40 20 12 40 15 25 19 12 20 15 40 28 40 30 10 18 15 18
is_linear=0
shrinkage=0.05


Tree=99
num_leaves=18
num_cat=0
split_feature=2 0 2 5 4 5 3 1 4 0 0 1 4 1 0 6 0
split_gain=0.017385 0.00476739 0.00215274 1.42961e-06 4.30358e-06 1.79583e-06 1.16306e-06 3.9641e-06 2.83315e-06 3.97387e-07 1.01914e-08 8.08479e-09 2.25662e-10 7.13602e-11 5.18517e-11 1.68735e-11 1.01238e-13
threshold=72.500000000000014 79.872879028320327 57.500000000000007 0.39036472141742712 35.442211151123054 0.35441604256629949 59.75464057922364 63.16017150878907 64.19608306884767 40.505910873413093 7.5852658748626718 11.796430587768556 92.672641754150405 87.496990203857436 94.018100738525405 5.6442871093750009 10.493085861206056
decision_type=2 2 2 2 2 2 2 2 2 2 2 2 2 2 2 2 2
left_child=2 6 10 4 9 -6 -2 8 -8 -4 -1 16 13 -3 -14 -15 -12
right_child=1 12 3 -5 5 -7 7 -9 -10 -11 11 -13 14 15 -16 -17 -18
leaf_value=-0.052506073229049016 0.010222012696869634 0.050243021091372658 -0.022339729901745778 -0.020066139751798089 -0.021399042596829339 -0.020680348566407408 0.010680026367967494 0.012010503595512669 0.011345264981740081 -0.02159786175492354 -0.052429876745933801 -0.052293605060918416 0.050257199532286113 0.050250242584995865 0.050268666884209459 0.050256470120551726 -0.052429308946910572
leaf_weight=0.0025619497901061541 0.0041099460213445118 0.0028740666966768913 0.0060323612415231764 0.002713526540901511 0.0027808321756310761 0.0072361805359832942 0.0089461601455695927 0.0082160294405184686 0.0049256288912147292 0.002575896040070802 0.0014177269767969847 0.0016673618229106069 0.0016877932648640126 0.0021153543711989187 0.0023699823941569775 0.0019231903861509636 0.0017591354553587735
leaf_count=12 7 12 12 5 5 13 15 11 7 5 8 10 4 8 6 10 10
internal_value=-2.7407e-10 0.0225822 -0.0291995 -0.0211383 -0.0212946 -0.0206803 0.0109943 0.011138 0.01068 -0.0221177 -0.0524254 -0.0523828 0.0502545 0.050249 0.0502639 0.0502533 -0.0524296
internal_weight=0.0659131 0.0371682 0.028745 0.0213388 0.0186253 0.010017 0.0261978 0.0220878 0.0138718 0.00860826 0.00740617 0.00484422 0.0109704 0.00691261 0.00405778 0.00403854 0.00317686
internal_count=160 80 80 40 35 18 40 33 22 17 40 28 40 30 10 18 18
is_linear=0
shrinkage=0.05


end of trees

feature_importances:
Column_0=585
Column_1=414
Column_4=344
Column_5=248
Column_3=217
Column_6=206
Column_2=197

parameters:
[boosting: gbdt]
[objective: lambdarank]
[metric: ndcg]
[tree_learner: serial]
[device_type: cpu]
[data_sample_strategy: bagging]
[data: ]
[valid: ]
[num_iterations: 100]
[learning_rate: 0.05]
[num_leaves: 31]
[num_threads: 10]
[seed: 42]
[deterministic: 0]
[force_col_wise: 0]
[force_row_wise: 0]
[histogram_pool_size: -1]
[max_depth: -1]
[min_data_in_leaf: 5]
[min_sum_hessian_in_leaf: 0.001]
[bagging_fraction: 1]
[pos_bagging_fraction: 1]
[neg_bagging_fraction: 1]
[bagging_freq: 0]
[bagging_seed: 400]
[bagging_by_query: 0]
[feature_fraction: 1]
[feature_fraction_bynode: 1]
[feature_fraction_seed: 30056]
[extra_trees: 0]
[extra_seed: 12879]
[early_stopping_round: 0]
[early_stopping_min_delta: 0]
[first_metric_only: 0]
[max_delta_step: 0]
[lambda_l1: 0]
[lambda_l2: 0]
[linear_lambda: 0]
[min_gain_to_split: 0]
[drop_rate: 0.1]
[max_drop: 50]
[skip_drop: 0.5]
[xgboost_dart_mode: 0]
[uniform_drop: 0]
[drop_seed: 17869]
[top_rate: 0.2]
[other_rate: 0.1]
[min_data_per_group: 100]
[max_cat_threshold: 32]
[cat_l2: 10]
[cat_smooth: 10]
[max_cat_to_onehot: 4]
[top_k: 20]
[monotone_constraints: 1,1,1,1,1,1,1,0,1,0,1,1]
[monotone_constraints_method: basic]
[monotone_penalty: 0]
[feature_contri: ]
[forcedsplits_filename: ]
[refit_decay_rate: 0.9]
[cegb_tradeoff: 1]
[cegb_penalty_split: 0]
[cegb_penalty_feature_lazy: ]
[cegb_penalty_feature_coupled: ]
[path_smooth: 0]
[interaction_constraints: ]
[verbosity: 1]
[saved_feature_importance_type: 0]
[use_quantized_grad: 0]
[num_grad_quant_bins: 4]
[quant_train_renew_leaf: 0]
[stochastic_rounding: 1]
[linear_tree: 0]
[max_bin: 255]
[max_bin_by_feature: ]
[min_data_in_bin: 3]
[bin_construct_sample_cnt: 200000]
[data_random_seed: 175]
[is_enable_sparse: 1]
[enable_bundle: 1]
[use_missing: 1]
[zero_as_missing: 0]
[feature_pre_filter: 1]
[pre_partition: 0]
[two_round: 0]
[header: 0]
[label_column: ]
[weight_column: ]
[group_column: ]
[ignore_column: ]
[categorical_feature: ]
[forcedbins_filename: ]
[precise_float_parser: 0]
[parser_config_file: ]
[objective_seed: 16083]
[num_class: 1]
[is_unbalance: 0]
[scale_pos_weight: 1]
[sigmoid: 1]
[boost_from_average: 1]
[reg_sqrt: 0]
[alpha: 0.9]
[fair_c: 1]
[poisson_max_delta_step: 0.7]
[tweedie_variance_power: 1.5]
[lambdarank_truncation_level: 30]
[lambdarank_norm: 1]
[label_gain: ]
[lambdarank_position_bias_regularization: 0]
[eval_at: 5,10]
[multi_error_top_k: 1]
[auc_mu_weights: ]
[num_machines: 1]
[local_listen_port: 12400]
[time_out: 120]
[machine_list_filename: ]
[machines: ]
[gpu_platform_id: -1]
[gpu_device_id: -1]
[gpu_device_id_list: ]
[gpu_use_dp: 0]
[num_gpu: 1]

end of parameters

pandas_categorical:null
